experiment_id,fruit_type,fruit_id,roi_id,image_path,raw_path,timestamp,eol_timestamp,rul_hours,temperature_c,humidity_pct,firmness_avg,firmness_available,valid_frame,exclude_reason,eol_basis,label_status
RUL_FINAL,strawberry,F01,F01,C:\Users\admin\Desktop\Strawberry-RUL-prediction\data\02_processed\final\F01\2026-03-18_12-26-28_frame-1_F01.png,C:\Users\admin\Desktop\Strawberry-RUL-prediction\data\02_processed\assigned_18-03-2026\F01\frame-1_12-26-28_F01.png,2026-03-18 12:26:28,2026-03-26 08:00:06,187.56,21.4,58.6,,False,True,,manual,approved
RUL_FINAL,strawberry,F01,F01,C:\Users\admin\Desktop\Strawberry-RUL-prediction\data\02_processed\final\F01\2026-03-18_12-41-28_frame-2_F01.png,C:\Users\admin\Desktop\Strawberry-RUL-prediction\data\02_processed\assigned_18-03-2026\F01\frame-2_12-41-28_F01.png,2026-03-18 12:41:28,2026-03-26 08:00:06,187.31,22.0,55.8,,False,True,,manual,approved
RUL_FINAL,strawberry,F01,F01,C:\Users\admin\Desktop\Strawberry-RUL-prediction\data\02_processed\final\F01\2026-03-18_12-56-28_frame-3_F01.png,C:\Users\admin\Desktop\Strawberry-RUL-prediction\data\02_processed\assigned_18-03-2026\F01\frame-3_12-56-28_F01.png,2026-03-18 12:56:28,2026-03-26 08:00:06,187.06,22.7,59.9,,False,True,,manual,approved
RUL_FINAL,strawberry,F01,F01,C:\Users\admin\Desktop\Strawberry-RUL-prediction\data\02_processed\final\F01\2026-03-18_13-11-28_frame-4_F01.png,C:\Users\admin\Desktop\Strawberry-RUL-prediction\data\02_processed\assigned_18-03-2026\F01\frame-4_13-11-28_F01.png,2026-03-18 13:11:28,2026-03-26 08:00:06,186.81,21.5,63.3,,False,True,,manual,approved
RUL_FINAL,strawberry,F01,F01,C:\Users\admin\Desktop\Strawberry-RUL-prediction\data\02_processed\final\F01\2026-03-18_13-26-28_frame-5_F01.png,C:\Users\admin\Desktop\Strawberry-RUL-prediction\data\02_processed\assigned_18-03-2026\F01\frame-5_13-26-28_F01.png,2026-03-18 13:26:28,2026-03-26 08:00:06,186.56,21.5,58.3,,False,True,,manual,approved
RUL_FINAL,strawberry,F01,F01,C:\Users\admin\Desktop\Strawberry-RUL-prediction\data\02_processed\final\F01\2026-03-18_13-41-28_frame-6_F01.png,C:\Users\admin\Desktop\Strawberry-RUL-prediction\data\02_processed\assigned_18-03-2026\F01\frame-6_13-41-28_F01.png,2026-03-18 13:41:28,2026-03-26 08:00:06,186.31,21.9,63.6,,False,True,,manual,approved
RUL_FINAL,strawberry,F01,F01,C:\Users\admin\Desktop\Strawberry-RUL-prediction\data\02_processed\final\F01\2026-03-18_13-56-28_frame-7_F01.png,C:\Users\admin\Desktop\Strawberry-RUL-prediction\data\02_processed\assigned_18-03-2026\F01\frame-7_13-56-28_F01.png,2026-03-18 13:56:28,2026-03-26 08:00:06,186.06,22.7,61.0,,False,True,,manual,approved
RUL_FINAL,strawberry,F01,F01,C:\Users\admin\Desktop\Strawberry-RUL-prediction\data\02_processed\final\F01\2026-03-18_14-11-29_frame-8_F01.png,C:\Users\admin\Desktop\Strawberry-RUL-prediction\data\02_processed\assigned_18-03-2026\F01\frame-8_14-11-29_F01.png,2026-03-18 14:11:29,2026-03-26 08:00:06,185.81,22.3,57.7,,False,True,,manual,approved
RUL_FINAL,strawberry,F01,F01,C:\Users\admin\Desktop\Strawberry-RUL-prediction\data\02_processed\final\F01\2026-03-18_14-26-29_frame-9_F01.png,C:\Users\admin\Desktop\Strawberry-RUL-prediction\data\02_processed\assigned_18-03-2026\F01\frame-9_14-26-29_F01.png,2026-03-18 14:26:29,2026-03-26 08:00:06,185.56,22.3,61.2,,False,True,,manual,approved
RUL_FINAL,strawberry,F01,F01,C:\Users\admin\Desktop\Strawberry-RUL-prediction\data\02_processed\final\F01\2026-03-18_14-41-29_frame-10_F01.png,C:\Users\admin\Desktop\Strawberry-RUL-prediction\data\02_processed\assigned_18-03-2026\F01\frame-10_14-41-29_F01.png,2026-03-18 14:41:29,2026-03-26 08:00:06,185.31,21.1,61.4,,False,True,,manual,approved
RUL_FINAL,strawberry,F01,F01,C:\Users\admin\Desktop\Strawberry-RUL-prediction\data\02_processed\final\F01\2026-03-18_14-56-29_frame-11_F01.png,C:\Users\admin\Desktop\Strawberry-RUL-prediction\data\02_processed\assigned_18-03-2026\F01\frame-11_14-56-29_F01.png,2026-03-18 14:56:29,2026-03-26 08:00:06,185.06,21.8,61.0,,False,True,,manual,approved
RUL_FINAL,strawberry,F01,F01,C:\Users\admin\Desktop\Strawberry-RUL-prediction\data\02_processed\final\F01\2026-03-18_15-11-29_frame-12_F01.png,C:\Users\admin\Desktop\Strawberry-RUL-prediction\data\02_processed\assigned_18-03-2026\F01\frame-12_15-11-29_F01.png,2026-03-18 15:11:29,2026-03-26 08:00:06,184.81,21.1,58.8,,False,True,,manual,approved
RUL_FINAL,strawberry,F01,F01,C:\Users\admin\Desktop\Strawberry-RUL-prediction\data\02_processed\final\F01\2026-03-18_15-26-29_frame-13_F01.png,C:\Users\admin\Desktop\Strawberry-RUL-prediction\data\02_processed\assigned_18-03-2026\F01\frame-13_15-26-29_F01.png,2026-03-18 15:26:29,2026-03-26 08:00:06,184.56,22.7,63.6,,False,True,,manual,approved
RUL_FINAL,strawberry,F01,F01,C:\Users\admin\Desktop\Strawberry-RUL-prediction\data\02_processed\final\F01\2026-03-18_15-41-29_frame-14_F01.png,C:\Users\admin\Desktop\Strawberry-RUL-prediction\data\02_processed\assigned_18-03-2026\F01\frame-14_15-41-29_F01.png,2026-03-18 15:41:29,2026-03-26 08:00:06,184.31,21.8,56.0,,False,True,,manual,approved
RUL_FINAL,strawberry,F01,F01,C:\Users\admin\Desktop\Strawberry-RUL-prediction\data\02_processed\final\F01\2026-03-18_15-56-29_frame-15_F01.png,C:\Users\admin\Desktop\Strawberry-RUL-prediction\data\02_processed\assigned_18-03-2026\F01\frame-15_15-56-29_F01.png,2026-03-18 15:56:29,2026-03-26 08:00:06,184.06,21.5,56.7,,False,True,,manual,approved
RUL_FINAL,strawberry,F01,F01,C:\Users\admin\Desktop\Strawberry-RUL-prediction\data\02_processed\final\F01\2026-03-18_16-11-29_frame-16_F01.png,C:\Users\admin\Desktop\Strawberry-RUL-prediction\data\02_processed\assigned_18-03-2026\F01\frame-16_16-11-29_F01.png,2026-03-18 16:11:29,2026-03-26 08:00:06,183.81,22.9,63.6,,False,True,,manual,approved
RUL_FINAL,strawberry,F01,F01,C:\Users\admin\Desktop\Strawberry-RUL-prediction\data\02_processed\final\F01\2026-03-18_16-26-30_frame-17_F01.png,C:\Users\admin\Desktop\Strawberry-RUL-prediction\data\02_processed\assigned_18-03-2026\F01\frame-17_16-26-30_F01.png,2026-03-18 16:26:30,2026-03-26 08:00:06,183.56,21.5,63.5,,False,True,,manual,approved
RUL_FINAL,strawberry,F01,F01,C:\Users\admin\Desktop\Strawberry-RUL-prediction\data\02_processed\final\F01\2026-03-18_16-41-30_frame-18_F01.png,C:\Users\admin\Desktop\Strawberry-RUL-prediction\data\02_processed\assigned_18-03-2026\F01\frame-18_16-41-30_F01.png,2026-03-18 16:41:30,2026-03-26 08:00:06,183.31,22.9,59.9,,False,True,,manual,approved
RUL_FINAL,strawberry,F01,F01,C:\Users\admin\Desktop\Strawberry-RUL-prediction\data\02_processed\final\F01\2026-03-18_16-56-30_frame-19_F01.png,C:\Users\admin\Desktop\Strawberry-RUL-prediction\data\02_processed\assigned_18-03-2026\F01\frame-19_16-56-30_F01.png,2026-03-18 16:56:30,2026-03-26 08:00:06,183.06,22.7,57.5,,False,True,,manual,approved
RUL_FINAL,strawberry,F01,F01,C:\Users\admin\Desktop\Strawberry-RUL-prediction\data\02_processed\final\F01\2026-03-18_17-11-30_frame-20_F01.png,C:\Users\admin\Desktop\Strawberry-RUL-prediction\data\02_processed\assigned_18-03-2026\F01\frame-20_17-11-30_F01.png,2026-03-18 17:11:30,2026-03-26 08:00:06,182.81,22.2,64.0,,False,True,,manual,approved
RUL_FINAL,strawberry,F01,F01,C:\Users\admin\Desktop\Strawberry-RUL-prediction\data\02_processed\final\F01\2026-03-18_17-26-30_frame-21_F01.png,C:\Users\admin\Desktop\Strawberry-RUL-prediction\data\02_processed\assigned_18-03-2026\F01\frame-21_17-26-30_F01.png,2026-03-18 17:26:30,2026-03-26 08:00:06,182.56,21.6,64.0,,False,True,,manual,approved
RUL_FINAL,strawberry,F01,F01,C:\Users\admin\Desktop\Strawberry-RUL-prediction\data\02_processed\final\F01\2026-03-18_17-41-30_frame-22_F01.png,C:\Users\admin\Desktop\Strawberry-RUL-prediction\data\02_processed\assigned_18-03-2026\F01\frame-22_17-41-30_F01.png,2026-03-18 17:41:30,2026-03-26 08:00:06,182.31,21.4,55.1,,False,True,,manual,approved
RUL_FINAL,strawberry,F01,F01,C:\Users\admin\Desktop\Strawberry-RUL-prediction\data\02_processed\final\F01\2026-03-18_17-56-30_frame-23_F01.png,C:\Users\admin\Desktop\Strawberry-RUL-prediction\data\02_processed\assigned_18-03-2026\F01\frame-23_17-56-30_F01.png,2026-03-18 17:56:30,2026-03-26 08:00:06,182.06,22.1,55.5,,False,True,,manual,approved
RUL_FINAL,strawberry,F01,F01,C:\Users\admin\Desktop\Strawberry-RUL-prediction\data\02_processed\final\F01\2026-03-18_18-11-30_frame-24_F01.png,C:\Users\admin\Desktop\Strawberry-RUL-prediction\data\02_processed\assigned_18-03-2026\F01\frame-24_18-11-30_F01.png,2026-03-18 18:11:30,2026-03-26 08:00:06,181.81,21.8,57.1,,False,True,,manual,approved
RUL_FINAL,strawberry,F01,F01,C:\Users\admin\Desktop\Strawberry-RUL-prediction\data\02_processed\final\F01\2026-03-18_18-26-30_frame-25_F01.png,C:\Users\admin\Desktop\Strawberry-RUL-prediction\data\02_processed\assigned_18-03-2026\F01\frame-25_18-26-30_F01.png,2026-03-18 18:26:30,2026-03-26 08:00:06,181.56,21.7,62.2,,False,True,,manual,approved
RUL_FINAL,strawberry,F01,F01,C:\Users\admin\Desktop\Strawberry-RUL-prediction\data\02_processed\final\F01\2026-03-18_18-41-31_frame-26_F01.png,C:\Users\admin\Desktop\Strawberry-RUL-prediction\data\02_processed\assigned_18-03-2026\F01\frame-26_18-41-31_F01.png,2026-03-18 18:41:31,2026-03-26 08:00:06,181.31,22.3,62.8,,False,True,,manual,approved
RUL_FINAL,strawberry,F01,F01,C:\Users\admin\Desktop\Strawberry-RUL-prediction\data\02_processed\final\F01\2026-03-18_18-56-31_frame-27_F01.png,C:\Users\admin\Desktop\Strawberry-RUL-prediction\data\02_processed\assigned_18-03-2026\F01\frame-27_18-56-31_F01.png,2026-03-18 18:56:31,2026-03-26 08:00:06,181.06,21.1,61.1,,False,True,,manual,approved
RUL_FINAL,strawberry,F01,F01,C:\Users\admin\Desktop\Strawberry-RUL-prediction\data\02_processed\final\F01\2026-03-18_19-11-31_frame-28_F01.png,C:\Users\admin\Desktop\Strawberry-RUL-prediction\data\02_processed\assigned_18-03-2026\F01\frame-28_19-11-31_F01.png,2026-03-18 19:11:31,2026-03-26 08:00:06,180.81,22.3,56.5,,False,True,,manual,approved
RUL_FINAL,strawberry,F01,F01,C:\Users\admin\Desktop\Strawberry-RUL-prediction\data\02_processed\final\F01\2026-03-18_19-26-31_frame-29_F01.png,C:\Users\admin\Desktop\Strawberry-RUL-prediction\data\02_processed\assigned_18-03-2026\F01\frame-29_19-26-31_F01.png,2026-03-18 19:26:31,2026-03-26 08:00:06,180.56,21.2,61.3,,False,True,,manual,approved
RUL_FINAL,strawberry,F01,F01,C:\Users\admin\Desktop\Strawberry-RUL-prediction\data\02_processed\final\F01\2026-03-18_19-41-31_frame-30_F01.png,C:\Users\admin\Desktop\Strawberry-RUL-prediction\data\02_processed\assigned_18-03-2026\F01\frame-30_19-41-31_F01.png,2026-03-18 19:41:31,2026-03-26 08:00:06,180.31,21.0,62.9,,False,True,,manual,approved
RUL_FINAL,strawberry,F01,F01,C:\Users\admin\Desktop\Strawberry-RUL-prediction\data\02_processed\final\F01\2026-03-18_19-56-31_frame-31_F01.png,C:\Users\admin\Desktop\Strawberry-RUL-prediction\data\02_processed\assigned_18-03-2026\F01\frame-31_19-56-31_F01.png,2026-03-18 19:56:31,2026-03-26 08:00:06,180.06,22.5,60.7,,False,True,,manual,approved
RUL_FINAL,strawberry,F01,F01,C:\Users\admin\Desktop\Strawberry-RUL-prediction\data\02_processed\final\F01\2026-03-19_08-00-06_frame-1_F01.png,C:\Users\admin\Desktop\Strawberry-RUL-prediction\data\02_processed\assigned_19-03-2026\F01\frame-1_08-00-06_F01.png,2026-03-19 08:00:06,2026-03-26 08:00:06,168.0,21.8,58.0,,False,True,,manual,approved
RUL_FINAL,strawberry,F01,F01,C:\Users\admin\Desktop\Strawberry-RUL-prediction\data\02_processed\final\F01\2026-03-19_08-15-07_frame-2_F01.png,C:\Users\admin\Desktop\Strawberry-RUL-prediction\data\02_processed\assigned_19-03-2026\F01\frame-2_08-15-07_F01.png,2026-03-19 08:15:07,2026-03-26 08:00:06,167.75,21.2,56.0,,False,True,,manual,approved
RUL_FINAL,strawberry,F01,F01,C:\Users\admin\Desktop\Strawberry-RUL-prediction\data\02_processed\final\F01\2026-03-19_08-30-07_frame-3_F01.png,C:\Users\admin\Desktop\Strawberry-RUL-prediction\data\02_processed\assigned_19-03-2026\F01\frame-3_08-30-07_F01.png,2026-03-19 08:30:07,2026-03-26 08:00:06,167.5,22.4,59.1,,False,True,,manual,approved
RUL_FINAL,strawberry,F01,F01,C:\Users\admin\Desktop\Strawberry-RUL-prediction\data\02_processed\final\F01\2026-03-19_08-45-07_frame-4_F01.png,C:\Users\admin\Desktop\Strawberry-RUL-prediction\data\02_processed\assigned_19-03-2026\F01\frame-4_08-45-07_F01.png,2026-03-19 08:45:07,2026-03-26 08:00:06,167.25,22.6,63.8,,False,True,,manual,approved
RUL_FINAL,strawberry,F01,F01,C:\Users\admin\Desktop\Strawberry-RUL-prediction\data\02_processed\final\F01\2026-03-19_09-00-07_frame-5_F01.png,C:\Users\admin\Desktop\Strawberry-RUL-prediction\data\02_processed\assigned_19-03-2026\F01\frame-5_09-00-07_F01.png,2026-03-19 09:00:07,2026-03-26 08:00:06,167.0,22.9,64.8,,False,True,,manual,approved
RUL_FINAL,strawberry,F01,F01,C:\Users\admin\Desktop\Strawberry-RUL-prediction\data\02_processed\final\F01\2026-03-19_09-15-07_frame-6_F01.png,C:\Users\admin\Desktop\Strawberry-RUL-prediction\data\02_processed\assigned_19-03-2026\F01\frame-6_09-15-07_F01.png,2026-03-19 09:15:07,2026-03-26 08:00:06,166.75,21.2,57.2,,False,True,,manual,approved
RUL_FINAL,strawberry,F01,F01,C:\Users\admin\Desktop\Strawberry-RUL-prediction\data\02_processed\final\F01\2026-03-19_09-30-07_frame-7_F01.png,C:\Users\admin\Desktop\Strawberry-RUL-prediction\data\02_processed\assigned_19-03-2026\F01\frame-7_09-30-07_F01.png,2026-03-19 09:30:07,2026-03-26 08:00:06,166.5,22.4,55.5,,False,True,,manual,approved
RUL_FINAL,strawberry,F01,F01,C:\Users\admin\Desktop\Strawberry-RUL-prediction\data\02_processed\final\F01\2026-03-19_09-45-07_frame-8_F01.png,C:\Users\admin\Desktop\Strawberry-RUL-prediction\data\02_processed\assigned_19-03-2026\F01\frame-8_09-45-07_F01.png,2026-03-19 09:45:07,2026-03-26 08:00:06,166.25,21.3,64.6,,False,True,,manual,approved
RUL_FINAL,strawberry,F01,F01,C:\Users\admin\Desktop\Strawberry-RUL-prediction\data\02_processed\final\F01\2026-03-19_10-00-08_frame-9_F01.png,C:\Users\admin\Desktop\Strawberry-RUL-prediction\data\02_processed\assigned_19-03-2026\F01\frame-9_10-00-08_F01.png,2026-03-19 10:00:08,2026-03-26 08:00:06,166.0,21.2,64.7,,False,True,,manual,approved
RUL_FINAL,strawberry,F01,F01,C:\Users\admin\Desktop\Strawberry-RUL-prediction\data\02_processed\final\F01\2026-03-19_10-15-08_frame-10_F01.png,C:\Users\admin\Desktop\Strawberry-RUL-prediction\data\02_processed\assigned_19-03-2026\F01\frame-10_10-15-08_F01.png,2026-03-19 10:15:08,2026-03-26 08:00:06,165.75,22.4,60.3,,False,True,,manual,approved
RUL_FINAL,strawberry,F01,F01,C:\Users\admin\Desktop\Strawberry-RUL-prediction\data\02_processed\final\F01\2026-03-19_10-30-08_frame-11_F01.png,C:\Users\admin\Desktop\Strawberry-RUL-prediction\data\02_processed\assigned_19-03-2026\F01\frame-11_10-30-08_F01.png,2026-03-19 10:30:08,2026-03-26 08:00:06,165.5,22.0,59.0,,False,True,,manual,approved
RUL_FINAL,strawberry,F01,F01,C:\Users\admin\Desktop\Strawberry-RUL-prediction\data\02_processed\final\F01\2026-03-19_10-45-08_frame-12_F01.png,C:\Users\admin\Desktop\Strawberry-RUL-prediction\data\02_processed\assigned_19-03-2026\F01\frame-12_10-45-08_F01.png,2026-03-19 10:45:08,2026-03-26 08:00:06,165.25,21.2,63.9,,False,True,,manual,approved
RUL_FINAL,strawberry,F01,F01,C:\Users\admin\Desktop\Strawberry-RUL-prediction\data\02_processed\final\F01\2026-03-19_11-00-08_frame-13_F01.png,C:\Users\admin\Desktop\Strawberry-RUL-prediction\data\02_processed\assigned_19-03-2026\F01\frame-13_11-00-08_F01.png,2026-03-19 11:00:08,2026-03-26 08:00:06,165.0,21.8,57.2,,False,True,,manual,approved
RUL_FINAL,strawberry,F01,F01,C:\Users\admin\Desktop\Strawberry-RUL-prediction\data\02_processed\final\F01\2026-03-19_11-15-08_frame-14_F01.png,C:\Users\admin\Desktop\Strawberry-RUL-prediction\data\02_processed\assigned_19-03-2026\F01\frame-14_11-15-08_F01.png,2026-03-19 11:15:08,2026-03-26 08:00:06,164.75,22.6,56.9,,False,True,,manual,approved
RUL_FINAL,strawberry,F01,F01,C:\Users\admin\Desktop\Strawberry-RUL-prediction\data\02_processed\final\F01\2026-03-19_11-30-08_frame-15_F01.png,C:\Users\admin\Desktop\Strawberry-RUL-prediction\data\02_processed\assigned_19-03-2026\F01\frame-15_11-30-08_F01.png,2026-03-19 11:30:08,2026-03-26 08:00:06,164.5,22.6,61.7,,False,True,,manual,approved
RUL_FINAL,strawberry,F01,F01,C:\Users\admin\Desktop\Strawberry-RUL-prediction\data\02_processed\final\F01\2026-03-19_11-45-08_frame-16_F01.png,C:\Users\admin\Desktop\Strawberry-RUL-prediction\data\02_processed\assigned_19-03-2026\F01\frame-16_11-45-08_F01.png,2026-03-19 11:45:08,2026-03-26 08:00:06,164.25,21.3,55.8,,False,True,,manual,approved
RUL_FINAL,strawberry,F01,F01,C:\Users\admin\Desktop\Strawberry-RUL-prediction\data\02_processed\final\F01\2026-03-19_12-00-08_frame-17_F01.png,C:\Users\admin\Desktop\Strawberry-RUL-prediction\data\02_processed\assigned_19-03-2026\F01\frame-17_12-00-08_F01.png,2026-03-19 12:00:08,2026-03-26 08:00:06,164.0,22.0,60.5,,False,True,,manual,approved
RUL_FINAL,strawberry,F01,F01,C:\Users\admin\Desktop\Strawberry-RUL-prediction\data\02_processed\final\F01\2026-03-19_12-15-09_frame-18_F01.png,C:\Users\admin\Desktop\Strawberry-RUL-prediction\data\02_processed\assigned_19-03-2026\F01\frame-18_12-15-09_F01.png,2026-03-19 12:15:09,2026-03-26 08:00:06,163.75,22.1,58.5,,False,True,,manual,approved
RUL_FINAL,strawberry,F01,F01,C:\Users\admin\Desktop\Strawberry-RUL-prediction\data\02_processed\final\F01\2026-03-19_12-30-09_frame-19_F01.png,C:\Users\admin\Desktop\Strawberry-RUL-prediction\data\02_processed\assigned_19-03-2026\F01\frame-19_12-30-09_F01.png,2026-03-19 12:30:09,2026-03-26 08:00:06,163.5,22.6,64.1,,False,True,,manual,approved
RUL_FINAL,strawberry,F01,F01,C:\Users\admin\Desktop\Strawberry-RUL-prediction\data\02_processed\final\F01\2026-03-19_12-45-09_frame-20_F01.png,C:\Users\admin\Desktop\Strawberry-RUL-prediction\data\02_processed\assigned_19-03-2026\F01\frame-20_12-45-09_F01.png,2026-03-19 12:45:09,2026-03-26 08:00:06,163.25,21.3,60.6,,False,True,,manual,approved
RUL_FINAL,strawberry,F01,F01,C:\Users\admin\Desktop\Strawberry-RUL-prediction\data\02_processed\final\F01\2026-03-19_13-00-09_frame-21_F01.png,C:\Users\admin\Desktop\Strawberry-RUL-prediction\data\02_processed\assigned_19-03-2026\F01\frame-21_13-00-09_F01.png,2026-03-19 13:00:09,2026-03-26 08:00:06,163.0,21.3,64.0,,False,True,,manual,approved
RUL_FINAL,strawberry,F01,F01,C:\Users\admin\Desktop\Strawberry-RUL-prediction\data\02_processed\final\F01\2026-03-19_13-15-09_frame-22_F01.png,C:\Users\admin\Desktop\Strawberry-RUL-prediction\data\02_processed\assigned_19-03-2026\F01\frame-22_13-15-09_F01.png,2026-03-19 13:15:09,2026-03-26 08:00:06,162.75,21.3,59.4,,False,True,,manual,approved
RUL_FINAL,strawberry,F01,F01,C:\Users\admin\Desktop\Strawberry-RUL-prediction\data\02_processed\final\F01\2026-03-19_13-30-09_frame-23_F01.png,C:\Users\admin\Desktop\Strawberry-RUL-prediction\data\02_processed\assigned_19-03-2026\F01\frame-23_13-30-09_F01.png,2026-03-19 13:30:09,2026-03-26 08:00:06,162.5,21.0,59.5,,False,True,,manual,approved
RUL_FINAL,strawberry,F01,F01,C:\Users\admin\Desktop\Strawberry-RUL-prediction\data\02_processed\final\F01\2026-03-19_13-45-09_frame-24_F01.png,C:\Users\admin\Desktop\Strawberry-RUL-prediction\data\02_processed\assigned_19-03-2026\F01\frame-24_13-45-09_F01.png,2026-03-19 13:45:09,2026-03-26 08:00:06,162.25,22.6,57.4,,False,True,,manual,approved
RUL_FINAL,strawberry,F01,F01,C:\Users\admin\Desktop\Strawberry-RUL-prediction\data\02_processed\final\F01\2026-03-19_14-00-09_frame-25_F01.png,C:\Users\admin\Desktop\Strawberry-RUL-prediction\data\02_processed\assigned_19-03-2026\F01\frame-25_14-00-09_F01.png,2026-03-19 14:00:09,2026-03-26 08:00:06,162.0,22.0,59.6,,False,True,,manual,approved
RUL_FINAL,strawberry,F01,F01,C:\Users\admin\Desktop\Strawberry-RUL-prediction\data\02_processed\final\F01\2026-03-19_14-15-10_frame-26_F01.png,C:\Users\admin\Desktop\Strawberry-RUL-prediction\data\02_processed\assigned_19-03-2026\F01\frame-26_14-15-10_F01.png,2026-03-19 14:15:10,2026-03-26 08:00:06,161.75,21.7,58.3,,False,True,,manual,approved
RUL_FINAL,strawberry,F01,F01,C:\Users\admin\Desktop\Strawberry-RUL-prediction\data\02_processed\final\F01\2026-03-19_14-30-10_frame-27_F01.png,C:\Users\admin\Desktop\Strawberry-RUL-prediction\data\02_processed\assigned_19-03-2026\F01\frame-27_14-30-10_F01.png,2026-03-19 14:30:10,2026-03-26 08:00:06,161.5,22.1,58.8,,False,True,,manual,approved
RUL_FINAL,strawberry,F01,F01,C:\Users\admin\Desktop\Strawberry-RUL-prediction\data\02_processed\final\F01\2026-03-19_14-45-10_frame-28_F01.png,C:\Users\admin\Desktop\Strawberry-RUL-prediction\data\02_processed\assigned_19-03-2026\F01\frame-28_14-45-10_F01.png,2026-03-19 14:45:10,2026-03-26 08:00:06,161.25,22.4,58.1,,False,True,,manual,approved
RUL_FINAL,strawberry,F01,F01,C:\Users\admin\Desktop\Strawberry-RUL-prediction\data\02_processed\final\F01\2026-03-19_15-00-10_frame-29_F01.png,C:\Users\admin\Desktop\Strawberry-RUL-prediction\data\02_processed\assigned_19-03-2026\F01\frame-29_15-00-10_F01.png,2026-03-19 15:00:10,2026-03-26 08:00:06,161.0,22.8,62.4,,False,True,,manual,approved
RUL_FINAL,strawberry,F01,F01,C:\Users\admin\Desktop\Strawberry-RUL-prediction\data\02_processed\final\F01\2026-03-19_15-15-10_frame-30_F01.png,C:\Users\admin\Desktop\Strawberry-RUL-prediction\data\02_processed\assigned_19-03-2026\F01\frame-30_15-15-10_F01.png,2026-03-19 15:15:10,2026-03-26 08:00:06,160.75,21.3,59.2,,False,True,,manual,approved
RUL_FINAL,strawberry,F01,F01,C:\Users\admin\Desktop\Strawberry-RUL-prediction\data\02_processed\final\F01\2026-03-19_15-30-10_frame-31_F01.png,C:\Users\admin\Desktop\Strawberry-RUL-prediction\data\02_processed\assigned_19-03-2026\F01\frame-31_15-30-10_F01.png,2026-03-19 15:30:10,2026-03-26 08:00:06,160.5,22.9,59.8,,False,True,,manual,approved
RUL_FINAL,strawberry,F01,F01,C:\Users\admin\Desktop\Strawberry-RUL-prediction\data\02_processed\final\F01\2026-03-19_15-45-10_frame-32_F01.png,C:\Users\admin\Desktop\Strawberry-RUL-prediction\data\02_processed\assigned_19-03-2026\F01\frame-32_15-45-10_F01.png,2026-03-19 15:45:10,2026-03-26 08:00:06,160.25,21.0,60.4,,False,True,,manual,approved
RUL_FINAL,strawberry,F01,F01,C:\Users\admin\Desktop\Strawberry-RUL-prediction\data\02_processed\final\F01\2026-03-19_16-00-11_frame-33_F01.png,C:\Users\admin\Desktop\Strawberry-RUL-prediction\data\02_processed\assigned_19-03-2026\F01\frame-33_16-00-11_F01.png,2026-03-19 16:00:11,2026-03-26 08:00:06,160.0,22.7,64.7,,False,True,,manual,approved
RUL_FINAL,strawberry,F01,F01,C:\Users\admin\Desktop\Strawberry-RUL-prediction\data\02_processed\final\F01\2026-03-19_16-15-11_frame-34_F01.png,C:\Users\admin\Desktop\Strawberry-RUL-prediction\data\02_processed\assigned_19-03-2026\F01\frame-34_16-15-11_F01.png,2026-03-19 16:15:11,2026-03-26 08:00:06,159.75,22.5,62.6,,False,True,,manual,approved
RUL_FINAL,strawberry,F01,F01,C:\Users\admin\Desktop\Strawberry-RUL-prediction\data\02_processed\final\F01\2026-03-19_16-30-11_frame-35_F01.png,C:\Users\admin\Desktop\Strawberry-RUL-prediction\data\02_processed\assigned_19-03-2026\F01\frame-35_16-30-11_F01.png,2026-03-19 16:30:11,2026-03-26 08:00:06,159.5,21.7,61.0,,False,True,,manual,approved
RUL_FINAL,strawberry,F01,F01,C:\Users\admin\Desktop\Strawberry-RUL-prediction\data\02_processed\final\F01\2026-03-19_16-45-11_frame-36_F01.png,C:\Users\admin\Desktop\Strawberry-RUL-prediction\data\02_processed\assigned_19-03-2026\F01\frame-36_16-45-11_F01.png,2026-03-19 16:45:11,2026-03-26 08:00:06,159.25,22.2,60.7,,False,True,,manual,approved
RUL_FINAL,strawberry,F01,F01,C:\Users\admin\Desktop\Strawberry-RUL-prediction\data\02_processed\final\F01\2026-03-19_17-00-11_frame-37_F01.png,C:\Users\admin\Desktop\Strawberry-RUL-prediction\data\02_processed\assigned_19-03-2026\F01\frame-37_17-00-11_F01.png,2026-03-19 17:00:11,2026-03-26 08:00:06,159.0,22.3,56.5,,False,True,,manual,approved
RUL_FINAL,strawberry,F01,F01,C:\Users\admin\Desktop\Strawberry-RUL-prediction\data\02_processed\final\F01\2026-03-19_17-15-11_frame-38_F01.png,C:\Users\admin\Desktop\Strawberry-RUL-prediction\data\02_processed\assigned_19-03-2026\F01\frame-38_17-15-11_F01.png,2026-03-19 17:15:11,2026-03-26 08:00:06,158.75,21.5,55.3,,False,True,,manual,approved
RUL_FINAL,strawberry,F01,F01,C:\Users\admin\Desktop\Strawberry-RUL-prediction\data\02_processed\final\F01\2026-03-19_17-30-11_frame-39_F01.png,C:\Users\admin\Desktop\Strawberry-RUL-prediction\data\02_processed\assigned_19-03-2026\F01\frame-39_17-30-11_F01.png,2026-03-19 17:30:11,2026-03-26 08:00:06,158.5,21.6,63.0,,False,True,,manual,approved
RUL_FINAL,strawberry,F01,F01,C:\Users\admin\Desktop\Strawberry-RUL-prediction\data\02_processed\final\F01\2026-03-19_17-45-11_frame-40_F01.png,C:\Users\admin\Desktop\Strawberry-RUL-prediction\data\02_processed\assigned_19-03-2026\F01\frame-40_17-45-11_F01.png,2026-03-19 17:45:11,2026-03-26 08:00:06,158.25,21.7,56.2,,False,True,,manual,approved
RUL_FINAL,strawberry,F01,F01,C:\Users\admin\Desktop\Strawberry-RUL-prediction\data\02_processed\final\F01\2026-03-19_18-00-11_frame-41_F01.png,C:\Users\admin\Desktop\Strawberry-RUL-prediction\data\02_processed\assigned_19-03-2026\F01\frame-41_18-00-11_F01.png,2026-03-19 18:00:11,2026-03-26 08:00:06,158.0,21.5,55.8,,False,True,,manual,approved
RUL_FINAL,strawberry,F01,F01,C:\Users\admin\Desktop\Strawberry-RUL-prediction\data\02_processed\final\F01\2026-03-19_18-15-11_frame-42_F01.png,C:\Users\admin\Desktop\Strawberry-RUL-prediction\data\02_processed\assigned_19-03-2026\F01\frame-42_18-15-11_F01.png,2026-03-19 18:15:11,2026-03-26 08:00:06,157.75,21.8,60.4,,False,True,,manual,approved
RUL_FINAL,strawberry,F01,F01,C:\Users\admin\Desktop\Strawberry-RUL-prediction\data\02_processed\final\F01\2026-03-19_18-30-11_frame-43_F01.png,C:\Users\admin\Desktop\Strawberry-RUL-prediction\data\02_processed\assigned_19-03-2026\F01\frame-43_18-30-11_F01.png,2026-03-19 18:30:11,2026-03-26 08:00:06,157.5,22.7,55.7,,False,True,,manual,approved
RUL_FINAL,strawberry,F01,F01,C:\Users\admin\Desktop\Strawberry-RUL-prediction\data\02_processed\final\F01\2026-03-19_18-45-12_frame-44_F01.png,C:\Users\admin\Desktop\Strawberry-RUL-prediction\data\02_processed\assigned_19-03-2026\F01\frame-44_18-45-12_F01.png,2026-03-19 18:45:12,2026-03-26 08:00:06,157.25,22.9,58.1,,False,True,,manual,approved
RUL_FINAL,strawberry,F01,F01,C:\Users\admin\Desktop\Strawberry-RUL-prediction\data\02_processed\final\F01\2026-03-19_19-00-12_frame-45_F01.png,C:\Users\admin\Desktop\Strawberry-RUL-prediction\data\02_processed\assigned_19-03-2026\F01\frame-45_19-00-12_F01.png,2026-03-19 19:00:12,2026-03-26 08:00:06,157.0,22.2,62.0,,False,True,,manual,approved
RUL_FINAL,strawberry,F01,F01,C:\Users\admin\Desktop\Strawberry-RUL-prediction\data\02_processed\final\F01\2026-03-19_19-15-12_frame-46_F01.png,C:\Users\admin\Desktop\Strawberry-RUL-prediction\data\02_processed\assigned_19-03-2026\F01\frame-46_19-15-12_F01.png,2026-03-19 19:15:12,2026-03-26 08:00:06,156.75,21.0,62.7,,False,True,,manual,approved
RUL_FINAL,strawberry,F01,F01,C:\Users\admin\Desktop\Strawberry-RUL-prediction\data\02_processed\final\F01\2026-03-19_19-30-12_frame-47_F01.png,C:\Users\admin\Desktop\Strawberry-RUL-prediction\data\02_processed\assigned_19-03-2026\F01\frame-47_19-30-12_F01.png,2026-03-19 19:30:12,2026-03-26 08:00:06,156.5,22.4,62.4,,False,True,,manual,approved
RUL_FINAL,strawberry,F01,F01,C:\Users\admin\Desktop\Strawberry-RUL-prediction\data\02_processed\final\F01\2026-03-20_08-00-06_frame-1_F01.png,C:\Users\admin\Desktop\Strawberry-RUL-prediction\data\02_processed\assigned_20-03-2026\F01\frame-1_08-00-06_F01.png,2026-03-20 08:00:06,2026-03-26 08:00:06,144.0,22.1,59.8,,False,True,,manual,approved
RUL_FINAL,strawberry,F01,F01,C:\Users\admin\Desktop\Strawberry-RUL-prediction\data\02_processed\final\F01\2026-03-20_08-15-06_frame-2_F01.png,C:\Users\admin\Desktop\Strawberry-RUL-prediction\data\02_processed\assigned_20-03-2026\F01\frame-2_08-15-06_F01.png,2026-03-20 08:15:06,2026-03-26 08:00:06,143.75,22.0,63.5,,False,True,,manual,approved
RUL_FINAL,strawberry,F01,F01,C:\Users\admin\Desktop\Strawberry-RUL-prediction\data\02_processed\final\F01\2026-03-20_08-30-06_frame-3_F01.png,C:\Users\admin\Desktop\Strawberry-RUL-prediction\data\02_processed\assigned_20-03-2026\F01\frame-3_08-30-06_F01.png,2026-03-20 08:30:06,2026-03-26 08:00:06,143.5,22.8,63.6,,False,True,,manual,approved
RUL_FINAL,strawberry,F01,F01,C:\Users\admin\Desktop\Strawberry-RUL-prediction\data\02_processed\final\F01\2026-03-20_08-45-06_frame-4_F01.png,C:\Users\admin\Desktop\Strawberry-RUL-prediction\data\02_processed\assigned_20-03-2026\F01\frame-4_08-45-06_F01.png,2026-03-20 08:45:06,2026-03-26 08:00:06,143.25,21.7,62.5,,False,True,,manual,approved
RUL_FINAL,strawberry,F01,F01,C:\Users\admin\Desktop\Strawberry-RUL-prediction\data\02_processed\final\F01\2026-03-20_09-00-06_frame-5_F01.png,C:\Users\admin\Desktop\Strawberry-RUL-prediction\data\02_processed\assigned_20-03-2026\F01\frame-5_09-00-06_F01.png,2026-03-20 09:00:06,2026-03-26 08:00:06,143.0,21.5,64.4,,False,True,,manual,approved
RUL_FINAL,strawberry,F01,F01,C:\Users\admin\Desktop\Strawberry-RUL-prediction\data\02_processed\final\F01\2026-03-20_09-15-06_frame-6_F01.png,C:\Users\admin\Desktop\Strawberry-RUL-prediction\data\02_processed\assigned_20-03-2026\F01\frame-6_09-15-06_F01.png,2026-03-20 09:15:06,2026-03-26 08:00:06,142.75,21.5,58.2,,False,True,,manual,approved
RUL_FINAL,strawberry,F01,F01,C:\Users\admin\Desktop\Strawberry-RUL-prediction\data\02_processed\final\F01\2026-03-20_09-30-06_frame-7_F01.png,C:\Users\admin\Desktop\Strawberry-RUL-prediction\data\02_processed\assigned_20-03-2026\F01\frame-7_09-30-06_F01.png,2026-03-20 09:30:06,2026-03-26 08:00:06,142.5,21.4,60.1,,False,True,,manual,approved
RUL_FINAL,strawberry,F01,F01,C:\Users\admin\Desktop\Strawberry-RUL-prediction\data\02_processed\final\F01\2026-03-20_09-45-06_frame-8_F01.png,C:\Users\admin\Desktop\Strawberry-RUL-prediction\data\02_processed\assigned_20-03-2026\F01\frame-8_09-45-06_F01.png,2026-03-20 09:45:06,2026-03-26 08:00:06,142.25,22.0,64.3,,False,True,,manual,approved
RUL_FINAL,strawberry,F01,F01,C:\Users\admin\Desktop\Strawberry-RUL-prediction\data\02_processed\final\F01\2026-03-20_10-00-06_frame-9_F01.png,C:\Users\admin\Desktop\Strawberry-RUL-prediction\data\02_processed\assigned_20-03-2026\F01\frame-9_10-00-06_F01.png,2026-03-20 10:00:06,2026-03-26 08:00:06,142.0,21.6,59.9,,False,True,,manual,approved
RUL_FINAL,strawberry,F01,F01,C:\Users\admin\Desktop\Strawberry-RUL-prediction\data\02_processed\final\F01\2026-03-20_10-15-06_frame-10_F01.png,C:\Users\admin\Desktop\Strawberry-RUL-prediction\data\02_processed\assigned_20-03-2026\F01\frame-10_10-15-06_F01.png,2026-03-20 10:15:06,2026-03-26 08:00:06,141.75,21.0,62.2,,False,True,,manual,approved
RUL_FINAL,strawberry,F01,F01,C:\Users\admin\Desktop\Strawberry-RUL-prediction\data\02_processed\final\F01\2026-03-20_10-30-07_frame-11_F01.png,C:\Users\admin\Desktop\Strawberry-RUL-prediction\data\02_processed\assigned_20-03-2026\F01\frame-11_10-30-07_F01.png,2026-03-20 10:30:07,2026-03-26 08:00:06,141.5,22.9,55.3,,False,True,,manual,approved
RUL_FINAL,strawberry,F01,F01,C:\Users\admin\Desktop\Strawberry-RUL-prediction\data\02_processed\final\F01\2026-03-20_10-45-07_frame-12_F01.png,C:\Users\admin\Desktop\Strawberry-RUL-prediction\data\02_processed\assigned_20-03-2026\F01\frame-12_10-45-07_F01.png,2026-03-20 10:45:07,2026-03-26 08:00:06,141.25,22.7,60.7,,False,True,,manual,approved
RUL_FINAL,strawberry,F01,F01,C:\Users\admin\Desktop\Strawberry-RUL-prediction\data\02_processed\final\F01\2026-03-20_11-00-07_frame-13_F01.png,C:\Users\admin\Desktop\Strawberry-RUL-prediction\data\02_processed\assigned_20-03-2026\F01\frame-13_11-00-07_F01.png,2026-03-20 11:00:07,2026-03-26 08:00:06,141.0,22.6,58.9,,False,True,,manual,approved
RUL_FINAL,strawberry,F01,F01,C:\Users\admin\Desktop\Strawberry-RUL-prediction\data\02_processed\final\F01\2026-03-20_11-15-07_frame-14_F01.png,C:\Users\admin\Desktop\Strawberry-RUL-prediction\data\02_processed\assigned_20-03-2026\F01\frame-14_11-15-07_F01.png,2026-03-20 11:15:07,2026-03-26 08:00:06,140.75,22.8,58.1,,False,True,,manual,approved
RUL_FINAL,strawberry,F01,F01,C:\Users\admin\Desktop\Strawberry-RUL-prediction\data\02_processed\final\F01\2026-03-20_11-30-07_frame-15_F01.png,C:\Users\admin\Desktop\Strawberry-RUL-prediction\data\02_processed\assigned_20-03-2026\F01\frame-15_11-30-07_F01.png,2026-03-20 11:30:07,2026-03-26 08:00:06,140.5,22.5,60.3,,False,True,,manual,approved
RUL_FINAL,strawberry,F01,F01,C:\Users\admin\Desktop\Strawberry-RUL-prediction\data\02_processed\final\F01\2026-03-20_11-45-07_frame-16_F01.png,C:\Users\admin\Desktop\Strawberry-RUL-prediction\data\02_processed\assigned_20-03-2026\F01\frame-16_11-45-07_F01.png,2026-03-20 11:45:07,2026-03-26 08:00:06,140.25,22.7,64.5,,False,True,,manual,approved
RUL_FINAL,strawberry,F01,F01,C:\Users\admin\Desktop\Strawberry-RUL-prediction\data\02_processed\final\F01\2026-03-20_12-00-07_frame-17_F01.png,C:\Users\admin\Desktop\Strawberry-RUL-prediction\data\02_processed\assigned_20-03-2026\F01\frame-17_12-00-07_F01.png,2026-03-20 12:00:07,2026-03-26 08:00:06,140.0,22.4,58.1,,False,True,,manual,approved
RUL_FINAL,strawberry,F01,F01,C:\Users\admin\Desktop\Strawberry-RUL-prediction\data\02_processed\final\F01\2026-03-20_12-15-07_frame-18_F01.png,C:\Users\admin\Desktop\Strawberry-RUL-prediction\data\02_processed\assigned_20-03-2026\F01\frame-18_12-15-07_F01.png,2026-03-20 12:15:07,2026-03-26 08:00:06,139.75,22.3,64.1,,False,True,,manual,approved
RUL_FINAL,strawberry,F01,F01,C:\Users\admin\Desktop\Strawberry-RUL-prediction\data\02_processed\final\F01\2026-03-20_12-30-07_frame-19_F01.png,C:\Users\admin\Desktop\Strawberry-RUL-prediction\data\02_processed\assigned_20-03-2026\F01\frame-19_12-30-07_F01.png,2026-03-20 12:30:07,2026-03-26 08:00:06,139.5,22.7,56.8,,False,True,,manual,approved
RUL_FINAL,strawberry,F01,F01,C:\Users\admin\Desktop\Strawberry-RUL-prediction\data\02_processed\final\F01\2026-03-20_12-45-07_frame-20_F01.png,C:\Users\admin\Desktop\Strawberry-RUL-prediction\data\02_processed\assigned_20-03-2026\F01\frame-20_12-45-07_F01.png,2026-03-20 12:45:07,2026-03-26 08:00:06,139.25,21.5,56.4,,False,True,,manual,approved
RUL_FINAL,strawberry,F01,F01,C:\Users\admin\Desktop\Strawberry-RUL-prediction\data\02_processed\final\F01\2026-03-20_13-00-08_frame-21_F01.png,C:\Users\admin\Desktop\Strawberry-RUL-prediction\data\02_processed\assigned_20-03-2026\F01\frame-21_13-00-08_F01.png,2026-03-20 13:00:08,2026-03-26 08:00:06,139.0,21.7,61.9,,False,True,,manual,approved
RUL_FINAL,strawberry,F01,F01,C:\Users\admin\Desktop\Strawberry-RUL-prediction\data\02_processed\final\F01\2026-03-20_13-15-08_frame-22_F01.png,C:\Users\admin\Desktop\Strawberry-RUL-prediction\data\02_processed\assigned_20-03-2026\F01\frame-22_13-15-08_F01.png,2026-03-20 13:15:08,2026-03-26 08:00:06,138.75,22.8,57.1,,False,True,,manual,approved
RUL_FINAL,strawberry,F01,F01,C:\Users\admin\Desktop\Strawberry-RUL-prediction\data\02_processed\final\F01\2026-03-20_13-30-08_frame-23_F01.png,C:\Users\admin\Desktop\Strawberry-RUL-prediction\data\02_processed\assigned_20-03-2026\F01\frame-23_13-30-08_F01.png,2026-03-20 13:30:08,2026-03-26 08:00:06,138.5,22.6,62.5,,False,True,,manual,approved
RUL_FINAL,strawberry,F01,F01,C:\Users\admin\Desktop\Strawberry-RUL-prediction\data\02_processed\final\F01\2026-03-20_13-45-08_frame-24_F01.png,C:\Users\admin\Desktop\Strawberry-RUL-prediction\data\02_processed\assigned_20-03-2026\F01\frame-24_13-45-08_F01.png,2026-03-20 13:45:08,2026-03-26 08:00:06,138.25,21.1,55.2,,False,True,,manual,approved
RUL_FINAL,strawberry,F01,F01,C:\Users\admin\Desktop\Strawberry-RUL-prediction\data\02_processed\final\F01\2026-03-20_14-00-08_frame-25_F01.png,C:\Users\admin\Desktop\Strawberry-RUL-prediction\data\02_processed\assigned_20-03-2026\F01\frame-25_14-00-08_F01.png,2026-03-20 14:00:08,2026-03-26 08:00:06,138.0,21.4,58.3,,False,True,,manual,approved
RUL_FINAL,strawberry,F01,F01,C:\Users\admin\Desktop\Strawberry-RUL-prediction\data\02_processed\final\F01\2026-03-20_14-15-08_frame-26_F01.png,C:\Users\admin\Desktop\Strawberry-RUL-prediction\data\02_processed\assigned_20-03-2026\F01\frame-26_14-15-08_F01.png,2026-03-20 14:15:08,2026-03-26 08:00:06,137.75,22.7,62.7,,False,True,,manual,approved
RUL_FINAL,strawberry,F01,F01,C:\Users\admin\Desktop\Strawberry-RUL-prediction\data\02_processed\final\F01\2026-03-20_14-30-08_frame-27_F01.png,C:\Users\admin\Desktop\Strawberry-RUL-prediction\data\02_processed\assigned_20-03-2026\F01\frame-27_14-30-08_F01.png,2026-03-20 14:30:08,2026-03-26 08:00:06,137.5,22.0,62.9,,False,True,,manual,approved
RUL_FINAL,strawberry,F01,F01,C:\Users\admin\Desktop\Strawberry-RUL-prediction\data\02_processed\final\F01\2026-03-20_14-45-08_frame-28_F01.png,C:\Users\admin\Desktop\Strawberry-RUL-prediction\data\02_processed\assigned_20-03-2026\F01\frame-28_14-45-08_F01.png,2026-03-20 14:45:08,2026-03-26 08:00:06,137.25,21.3,56.3,,False,True,,manual,approved
RUL_FINAL,strawberry,F01,F01,C:\Users\admin\Desktop\Strawberry-RUL-prediction\data\02_processed\final\F01\2026-03-20_15-00-08_frame-29_F01.png,C:\Users\admin\Desktop\Strawberry-RUL-prediction\data\02_processed\assigned_20-03-2026\F01\frame-29_15-00-08_F01.png,2026-03-20 15:00:08,2026-03-26 08:00:06,137.0,22.1,55.9,,False,True,,manual,approved
RUL_FINAL,strawberry,F01,F01,C:\Users\admin\Desktop\Strawberry-RUL-prediction\data\02_processed\final\F01\2026-03-20_15-15-08_frame-30_F01.png,C:\Users\admin\Desktop\Strawberry-RUL-prediction\data\02_processed\assigned_20-03-2026\F01\frame-30_15-15-08_F01.png,2026-03-20 15:15:08,2026-03-26 08:00:06,136.75,21.4,62.0,,False,True,,manual,approved
RUL_FINAL,strawberry,F01,F01,C:\Users\admin\Desktop\Strawberry-RUL-prediction\data\02_processed\final\F01\2026-03-20_15-30-09_frame-31_F01.png,C:\Users\admin\Desktop\Strawberry-RUL-prediction\data\02_processed\assigned_20-03-2026\F01\frame-31_15-30-09_F01.png,2026-03-20 15:30:09,2026-03-26 08:00:06,136.5,21.6,64.5,,False,True,,manual,approved
RUL_FINAL,strawberry,F01,F01,C:\Users\admin\Desktop\Strawberry-RUL-prediction\data\02_processed\final\F01\2026-03-20_15-45-09_frame-32_F01.png,C:\Users\admin\Desktop\Strawberry-RUL-prediction\data\02_processed\assigned_20-03-2026\F01\frame-32_15-45-09_F01.png,2026-03-20 15:45:09,2026-03-26 08:00:06,136.25,21.8,56.4,,False,True,,manual,approved
RUL_FINAL,strawberry,F01,F01,C:\Users\admin\Desktop\Strawberry-RUL-prediction\data\02_processed\final\F01\2026-03-20_16-00-09_frame-33_F01.png,C:\Users\admin\Desktop\Strawberry-RUL-prediction\data\02_processed\assigned_20-03-2026\F01\frame-33_16-00-09_F01.png,2026-03-20 16:00:09,2026-03-26 08:00:06,136.0,22.3,57.2,,False,True,,manual,approved
RUL_FINAL,strawberry,F01,F01,C:\Users\admin\Desktop\Strawberry-RUL-prediction\data\02_processed\final\F01\2026-03-20_16-15-09_frame-34_F01.png,C:\Users\admin\Desktop\Strawberry-RUL-prediction\data\02_processed\assigned_20-03-2026\F01\frame-34_16-15-09_F01.png,2026-03-20 16:15:09,2026-03-26 08:00:06,135.75,22.1,57.2,,False,True,,manual,approved
RUL_FINAL,strawberry,F01,F01,C:\Users\admin\Desktop\Strawberry-RUL-prediction\data\02_processed\final\F01\2026-03-20_16-30-09_frame-35_F01.png,C:\Users\admin\Desktop\Strawberry-RUL-prediction\data\02_processed\assigned_20-03-2026\F01\frame-35_16-30-09_F01.png,2026-03-20 16:30:09,2026-03-26 08:00:06,135.5,23.0,58.1,,False,True,,manual,approved
RUL_FINAL,strawberry,F01,F01,C:\Users\admin\Desktop\Strawberry-RUL-prediction\data\02_processed\final\F01\2026-03-20_16-45-09_frame-36_F01.png,C:\Users\admin\Desktop\Strawberry-RUL-prediction\data\02_processed\assigned_20-03-2026\F01\frame-36_16-45-09_F01.png,2026-03-20 16:45:09,2026-03-26 08:00:06,135.25,22.5,61.1,,False,True,,manual,approved
RUL_FINAL,strawberry,F01,F01,C:\Users\admin\Desktop\Strawberry-RUL-prediction\data\02_processed\final\F01\2026-03-20_17-00-09_frame-37_F01.png,C:\Users\admin\Desktop\Strawberry-RUL-prediction\data\02_processed\assigned_20-03-2026\F01\frame-37_17-00-09_F01.png,2026-03-20 17:00:09,2026-03-26 08:00:06,135.0,21.4,63.0,,False,True,,manual,approved
RUL_FINAL,strawberry,F01,F01,C:\Users\admin\Desktop\Strawberry-RUL-prediction\data\02_processed\final\F01\2026-03-20_17-15-09_frame-38_F01.png,C:\Users\admin\Desktop\Strawberry-RUL-prediction\data\02_processed\assigned_20-03-2026\F01\frame-38_17-15-09_F01.png,2026-03-20 17:15:09,2026-03-26 08:00:06,134.75,22.2,56.5,,False,True,,manual,approved
RUL_FINAL,strawberry,F01,F01,C:\Users\admin\Desktop\Strawberry-RUL-prediction\data\02_processed\final\F01\2026-03-20_17-30-09_frame-39_F01.png,C:\Users\admin\Desktop\Strawberry-RUL-prediction\data\02_processed\assigned_20-03-2026\F01\frame-39_17-30-09_F01.png,2026-03-20 17:30:09,2026-03-26 08:00:06,134.5,22.1,62.5,,False,True,,manual,approved
RUL_FINAL,strawberry,F01,F01,C:\Users\admin\Desktop\Strawberry-RUL-prediction\data\02_processed\final\F01\2026-03-20_17-45-10_frame-40_F01.png,C:\Users\admin\Desktop\Strawberry-RUL-prediction\data\02_processed\assigned_20-03-2026\F01\frame-40_17-45-10_F01.png,2026-03-20 17:45:10,2026-03-26 08:00:06,134.25,22.8,60.1,,False,True,,manual,approved
RUL_FINAL,strawberry,F01,F01,C:\Users\admin\Desktop\Strawberry-RUL-prediction\data\02_processed\final\F01\2026-03-20_18-00-10_frame-41_F01.png,C:\Users\admin\Desktop\Strawberry-RUL-prediction\data\02_processed\assigned_20-03-2026\F01\frame-41_18-00-10_F01.png,2026-03-20 18:00:10,2026-03-26 08:00:06,134.0,21.0,56.9,,False,True,,manual,approved
RUL_FINAL,strawberry,F01,F01,C:\Users\admin\Desktop\Strawberry-RUL-prediction\data\02_processed\final\F01\2026-03-20_18-15-10_frame-42_F01.png,C:\Users\admin\Desktop\Strawberry-RUL-prediction\data\02_processed\assigned_20-03-2026\F01\frame-42_18-15-10_F01.png,2026-03-20 18:15:10,2026-03-26 08:00:06,133.75,21.8,62.5,,False,True,,manual,approved
RUL_FINAL,strawberry,F01,F01,C:\Users\admin\Desktop\Strawberry-RUL-prediction\data\02_processed\final\F01\2026-03-20_18-30-10_frame-43_F01.png,C:\Users\admin\Desktop\Strawberry-RUL-prediction\data\02_processed\assigned_20-03-2026\F01\frame-43_18-30-10_F01.png,2026-03-20 18:30:10,2026-03-26 08:00:06,133.5,21.4,56.4,,False,True,,manual,approved
RUL_FINAL,strawberry,F01,F01,C:\Users\admin\Desktop\Strawberry-RUL-prediction\data\02_processed\final\F01\2026-03-20_18-45-10_frame-44_F01.png,C:\Users\admin\Desktop\Strawberry-RUL-prediction\data\02_processed\assigned_20-03-2026\F01\frame-44_18-45-10_F01.png,2026-03-20 18:45:10,2026-03-26 08:00:06,133.25,22.7,63.1,,False,True,,manual,approved
RUL_FINAL,strawberry,F01,F01,C:\Users\admin\Desktop\Strawberry-RUL-prediction\data\02_processed\final\F01\2026-03-20_19-00-10_frame-45_F01.png,C:\Users\admin\Desktop\Strawberry-RUL-prediction\data\02_processed\assigned_20-03-2026\F01\frame-45_19-00-10_F01.png,2026-03-20 19:00:10,2026-03-26 08:00:06,133.0,21.1,60.0,,False,True,,manual,approved
RUL_FINAL,strawberry,F01,F01,C:\Users\admin\Desktop\Strawberry-RUL-prediction\data\02_processed\final\F01\2026-03-20_19-15-10_frame-46_F01.png,C:\Users\admin\Desktop\Strawberry-RUL-prediction\data\02_processed\assigned_20-03-2026\F01\frame-46_19-15-10_F01.png,2026-03-20 19:15:10,2026-03-26 08:00:06,132.75,22.5,58.1,,False,True,,manual,approved
RUL_FINAL,strawberry,F01,F01,C:\Users\admin\Desktop\Strawberry-RUL-prediction\data\02_processed\final\F01\2026-03-20_19-30-10_frame-47_F01.png,C:\Users\admin\Desktop\Strawberry-RUL-prediction\data\02_processed\assigned_20-03-2026\F01\frame-47_19-30-10_F01.png,2026-03-20 19:30:10,2026-03-26 08:00:06,132.5,21.3,61.7,,False,True,,manual,approved
RUL_FINAL,strawberry,F01,F01,C:\Users\admin\Desktop\Strawberry-RUL-prediction\data\02_processed\final\F01\2026-03-21_08-00-06_frame-1_F01.png,C:\Users\admin\Desktop\Strawberry-RUL-prediction\data\02_processed\assigned_21-03-2026\F01\frame-1_08-00-06_F01.png,2026-03-21 08:00:06,2026-03-26 08:00:06,120.0,22.3,59.6,,False,True,,manual,approved
RUL_FINAL,strawberry,F01,F01,C:\Users\admin\Desktop\Strawberry-RUL-prediction\data\02_processed\final\F01\2026-03-21_08-15-06_frame-2_F01.png,C:\Users\admin\Desktop\Strawberry-RUL-prediction\data\02_processed\assigned_21-03-2026\F01\frame-2_08-15-06_F01.png,2026-03-21 08:15:06,2026-03-26 08:00:06,119.75,21.6,62.5,,False,True,,manual,approved
RUL_FINAL,strawberry,F01,F01,C:\Users\admin\Desktop\Strawberry-RUL-prediction\data\02_processed\final\F01\2026-03-21_08-30-07_frame-3_F01.png,C:\Users\admin\Desktop\Strawberry-RUL-prediction\data\02_processed\assigned_21-03-2026\F01\frame-3_08-30-07_F01.png,2026-03-21 08:30:07,2026-03-26 08:00:06,119.5,21.7,63.6,,False,True,,manual,approved
RUL_FINAL,strawberry,F01,F01,C:\Users\admin\Desktop\Strawberry-RUL-prediction\data\02_processed\final\F01\2026-03-21_08-45-07_frame-4_F01.png,C:\Users\admin\Desktop\Strawberry-RUL-prediction\data\02_processed\assigned_21-03-2026\F01\frame-4_08-45-07_F01.png,2026-03-21 08:45:07,2026-03-26 08:00:06,119.25,21.4,55.5,,False,True,,manual,approved
RUL_FINAL,strawberry,F01,F01,C:\Users\admin\Desktop\Strawberry-RUL-prediction\data\02_processed\final\F01\2026-03-21_09-00-07_frame-5_F01.png,C:\Users\admin\Desktop\Strawberry-RUL-prediction\data\02_processed\assigned_21-03-2026\F01\frame-5_09-00-07_F01.png,2026-03-21 09:00:07,2026-03-26 08:00:06,119.0,21.8,56.0,,False,True,,manual,approved
RUL_FINAL,strawberry,F01,F01,C:\Users\admin\Desktop\Strawberry-RUL-prediction\data\02_processed\final\F01\2026-03-21_09-15-07_frame-6_F01.png,C:\Users\admin\Desktop\Strawberry-RUL-prediction\data\02_processed\assigned_21-03-2026\F01\frame-6_09-15-07_F01.png,2026-03-21 09:15:07,2026-03-26 08:00:06,118.75,22.1,59.3,,False,True,,manual,approved
RUL_FINAL,strawberry,F01,F01,C:\Users\admin\Desktop\Strawberry-RUL-prediction\data\02_processed\final\F01\2026-03-21_09-30-07_frame-7_F01.png,C:\Users\admin\Desktop\Strawberry-RUL-prediction\data\02_processed\assigned_21-03-2026\F01\frame-7_09-30-07_F01.png,2026-03-21 09:30:07,2026-03-26 08:00:06,118.5,21.2,63.5,,False,True,,manual,approved
RUL_FINAL,strawberry,F01,F01,C:\Users\admin\Desktop\Strawberry-RUL-prediction\data\02_processed\final\F01\2026-03-21_09-45-07_frame-8_F01.png,C:\Users\admin\Desktop\Strawberry-RUL-prediction\data\02_processed\assigned_21-03-2026\F01\frame-8_09-45-07_F01.png,2026-03-21 09:45:07,2026-03-26 08:00:06,118.25,22.3,55.3,,False,True,,manual,approved
RUL_FINAL,strawberry,F01,F01,C:\Users\admin\Desktop\Strawberry-RUL-prediction\data\02_processed\final\F01\2026-03-21_10-00-07_frame-9_F01.png,C:\Users\admin\Desktop\Strawberry-RUL-prediction\data\02_processed\assigned_21-03-2026\F01\frame-9_10-00-07_F01.png,2026-03-21 10:00:07,2026-03-26 08:00:06,118.0,21.1,57.0,,False,True,,manual,approved
RUL_FINAL,strawberry,F01,F01,C:\Users\admin\Desktop\Strawberry-RUL-prediction\data\02_processed\final\F01\2026-03-21_10-15-08_frame-10_F01.png,C:\Users\admin\Desktop\Strawberry-RUL-prediction\data\02_processed\assigned_21-03-2026\F01\frame-10_10-15-08_F01.png,2026-03-21 10:15:08,2026-03-26 08:00:06,117.75,22.6,60.6,,False,True,,manual,approved
RUL_FINAL,strawberry,F01,F01,C:\Users\admin\Desktop\Strawberry-RUL-prediction\data\02_processed\final\F01\2026-03-21_10-30-08_frame-11_F01.png,C:\Users\admin\Desktop\Strawberry-RUL-prediction\data\02_processed\assigned_21-03-2026\F01\frame-11_10-30-08_F01.png,2026-03-21 10:30:08,2026-03-26 08:00:06,117.5,22.2,63.3,,False,True,,manual,approved
RUL_FINAL,strawberry,F01,F01,C:\Users\admin\Desktop\Strawberry-RUL-prediction\data\02_processed\final\F01\2026-03-21_10-45-08_frame-12_F01.png,C:\Users\admin\Desktop\Strawberry-RUL-prediction\data\02_processed\assigned_21-03-2026\F01\frame-12_10-45-08_F01.png,2026-03-21 10:45:08,2026-03-26 08:00:06,117.25,21.6,61.4,,False,True,,manual,approved
RUL_FINAL,strawberry,F01,F01,C:\Users\admin\Desktop\Strawberry-RUL-prediction\data\02_processed\final\F01\2026-03-21_11-00-08_frame-13_F01.png,C:\Users\admin\Desktop\Strawberry-RUL-prediction\data\02_processed\assigned_21-03-2026\F01\frame-13_11-00-08_F01.png,2026-03-21 11:00:08,2026-03-26 08:00:06,117.0,21.4,56.2,,False,True,,manual,approved
RUL_FINAL,strawberry,F01,F01,C:\Users\admin\Desktop\Strawberry-RUL-prediction\data\02_processed\final\F01\2026-03-21_11-15-08_frame-14_F01.png,C:\Users\admin\Desktop\Strawberry-RUL-prediction\data\02_processed\assigned_21-03-2026\F01\frame-14_11-15-08_F01.png,2026-03-21 11:15:08,2026-03-26 08:00:06,116.75,21.5,60.7,,False,True,,manual,approved
RUL_FINAL,strawberry,F01,F01,C:\Users\admin\Desktop\Strawberry-RUL-prediction\data\02_processed\final\F01\2026-03-21_11-30-08_frame-15_F01.png,C:\Users\admin\Desktop\Strawberry-RUL-prediction\data\02_processed\assigned_21-03-2026\F01\frame-15_11-30-08_F01.png,2026-03-21 11:30:08,2026-03-26 08:00:06,116.5,21.9,55.1,,False,True,,manual,approved
RUL_FINAL,strawberry,F01,F01,C:\Users\admin\Desktop\Strawberry-RUL-prediction\data\02_processed\final\F01\2026-03-21_11-45-08_frame-16_F01.png,C:\Users\admin\Desktop\Strawberry-RUL-prediction\data\02_processed\assigned_21-03-2026\F01\frame-16_11-45-08_F01.png,2026-03-21 11:45:08,2026-03-26 08:00:06,116.25,22.6,60.5,,False,True,,manual,approved
RUL_FINAL,strawberry,F01,F01,C:\Users\admin\Desktop\Strawberry-RUL-prediction\data\02_processed\final\F01\2026-03-21_12-00-08_frame-17_F01.png,C:\Users\admin\Desktop\Strawberry-RUL-prediction\data\02_processed\assigned_21-03-2026\F01\frame-17_12-00-08_F01.png,2026-03-21 12:00:08,2026-03-26 08:00:06,116.0,22.1,56.4,,False,True,,manual,approved
RUL_FINAL,strawberry,F01,F01,C:\Users\admin\Desktop\Strawberry-RUL-prediction\data\02_processed\final\F01\2026-03-21_12-15-08_frame-18_F01.png,C:\Users\admin\Desktop\Strawberry-RUL-prediction\data\02_processed\assigned_21-03-2026\F01\frame-18_12-15-08_F01.png,2026-03-21 12:15:08,2026-03-26 08:00:06,115.75,21.2,56.9,,False,True,,manual,approved
RUL_FINAL,strawberry,F01,F01,C:\Users\admin\Desktop\Strawberry-RUL-prediction\data\02_processed\final\F01\2026-03-21_12-30-08_frame-19_F01.png,C:\Users\admin\Desktop\Strawberry-RUL-prediction\data\02_processed\assigned_21-03-2026\F01\frame-19_12-30-08_F01.png,2026-03-21 12:30:08,2026-03-26 08:00:06,115.5,21.0,60.4,,False,True,,manual,approved
RUL_FINAL,strawberry,F01,F01,C:\Users\admin\Desktop\Strawberry-RUL-prediction\data\02_processed\final\F01\2026-03-21_12-45-08_frame-20_F01.png,C:\Users\admin\Desktop\Strawberry-RUL-prediction\data\02_processed\assigned_21-03-2026\F01\frame-20_12-45-08_F01.png,2026-03-21 12:45:08,2026-03-26 08:00:06,115.25,21.1,61.3,,False,True,,manual,approved
RUL_FINAL,strawberry,F01,F01,C:\Users\admin\Desktop\Strawberry-RUL-prediction\data\02_processed\final\F01\2026-03-21_13-00-09_frame-21_F01.png,C:\Users\admin\Desktop\Strawberry-RUL-prediction\data\02_processed\assigned_21-03-2026\F01\frame-21_13-00-09_F01.png,2026-03-21 13:00:09,2026-03-26 08:00:06,115.0,21.4,60.9,,False,True,,manual,approved
RUL_FINAL,strawberry,F01,F01,C:\Users\admin\Desktop\Strawberry-RUL-prediction\data\02_processed\final\F01\2026-03-21_13-15-09_frame-22_F01.png,C:\Users\admin\Desktop\Strawberry-RUL-prediction\data\02_processed\assigned_21-03-2026\F01\frame-22_13-15-09_F01.png,2026-03-21 13:15:09,2026-03-26 08:00:06,114.75,22.9,65.0,,False,True,,manual,approved
RUL_FINAL,strawberry,F01,F01,C:\Users\admin\Desktop\Strawberry-RUL-prediction\data\02_processed\final\F01\2026-03-21_13-30-09_frame-23_F01.png,C:\Users\admin\Desktop\Strawberry-RUL-prediction\data\02_processed\assigned_21-03-2026\F01\frame-23_13-30-09_F01.png,2026-03-21 13:30:09,2026-03-26 08:00:06,114.5,22.2,60.1,,False,True,,manual,approved
RUL_FINAL,strawberry,F01,F01,C:\Users\admin\Desktop\Strawberry-RUL-prediction\data\02_processed\final\F01\2026-03-21_13-45-09_frame-24_F01.png,C:\Users\admin\Desktop\Strawberry-RUL-prediction\data\02_processed\assigned_21-03-2026\F01\frame-24_13-45-09_F01.png,2026-03-21 13:45:09,2026-03-26 08:00:06,114.25,22.6,58.5,,False,True,,manual,approved
RUL_FINAL,strawberry,F01,F01,C:\Users\admin\Desktop\Strawberry-RUL-prediction\data\02_processed\final\F01\2026-03-21_14-00-09_frame-25_F01.png,C:\Users\admin\Desktop\Strawberry-RUL-prediction\data\02_processed\assigned_21-03-2026\F01\frame-25_14-00-09_F01.png,2026-03-21 14:00:09,2026-03-26 08:00:06,114.0,22.7,61.2,,False,True,,manual,approved
RUL_FINAL,strawberry,F01,F01,C:\Users\admin\Desktop\Strawberry-RUL-prediction\data\02_processed\final\F01\2026-03-21_14-15-09_frame-26_F01.png,C:\Users\admin\Desktop\Strawberry-RUL-prediction\data\02_processed\assigned_21-03-2026\F01\frame-26_14-15-09_F01.png,2026-03-21 14:15:09,2026-03-26 08:00:06,113.75,22.0,57.1,,False,True,,manual,approved
RUL_FINAL,strawberry,F01,F01,C:\Users\admin\Desktop\Strawberry-RUL-prediction\data\02_processed\final\F01\2026-03-21_14-30-09_frame-27_F01.png,C:\Users\admin\Desktop\Strawberry-RUL-prediction\data\02_processed\assigned_21-03-2026\F01\frame-27_14-30-09_F01.png,2026-03-21 14:30:09,2026-03-26 08:00:06,113.5,21.9,57.8,,False,True,,manual,approved
RUL_FINAL,strawberry,F01,F01,C:\Users\admin\Desktop\Strawberry-RUL-prediction\data\02_processed\final\F01\2026-03-21_14-45-10_frame-28_F01.png,C:\Users\admin\Desktop\Strawberry-RUL-prediction\data\02_processed\assigned_21-03-2026\F01\frame-28_14-45-10_F01.png,2026-03-21 14:45:10,2026-03-26 08:00:06,113.25,22.2,59.7,,False,True,,manual,approved
RUL_FINAL,strawberry,F01,F01,C:\Users\admin\Desktop\Strawberry-RUL-prediction\data\02_processed\final\F01\2026-03-21_15-00-10_frame-29_F01.png,C:\Users\admin\Desktop\Strawberry-RUL-prediction\data\02_processed\assigned_21-03-2026\F01\frame-29_15-00-10_F01.png,2026-03-21 15:00:10,2026-03-26 08:00:06,113.0,22.5,56.3,,False,True,,manual,approved
RUL_FINAL,strawberry,F01,F01,C:\Users\admin\Desktop\Strawberry-RUL-prediction\data\02_processed\final\F01\2026-03-21_15-15-10_frame-30_F01.png,C:\Users\admin\Desktop\Strawberry-RUL-prediction\data\02_processed\assigned_21-03-2026\F01\frame-30_15-15-10_F01.png,2026-03-21 15:15:10,2026-03-26 08:00:06,112.75,22.6,56.1,,False,True,,manual,approved
RUL_FINAL,strawberry,F01,F01,C:\Users\admin\Desktop\Strawberry-RUL-prediction\data\02_processed\final\F01\2026-03-21_15-30-10_frame-31_F01.png,C:\Users\admin\Desktop\Strawberry-RUL-prediction\data\02_processed\assigned_21-03-2026\F01\frame-31_15-30-10_F01.png,2026-03-21 15:30:10,2026-03-26 08:00:06,112.5,21.2,60.5,,False,True,,manual,approved
RUL_FINAL,strawberry,F01,F01,C:\Users\admin\Desktop\Strawberry-RUL-prediction\data\02_processed\final\F01\2026-03-21_15-45-10_frame-32_F01.png,C:\Users\admin\Desktop\Strawberry-RUL-prediction\data\02_processed\assigned_21-03-2026\F01\frame-32_15-45-10_F01.png,2026-03-21 15:45:10,2026-03-26 08:00:06,112.25,21.1,63.0,,False,True,,manual,approved
RUL_FINAL,strawberry,F01,F01,C:\Users\admin\Desktop\Strawberry-RUL-prediction\data\02_processed\final\F01\2026-03-21_16-00-10_frame-33_F01.png,C:\Users\admin\Desktop\Strawberry-RUL-prediction\data\02_processed\assigned_21-03-2026\F01\frame-33_16-00-10_F01.png,2026-03-21 16:00:10,2026-03-26 08:00:06,112.0,22.0,63.2,,False,True,,manual,approved
RUL_FINAL,strawberry,F01,F01,C:\Users\admin\Desktop\Strawberry-RUL-prediction\data\02_processed\final\F01\2026-03-21_16-15-10_frame-34_F01.png,C:\Users\admin\Desktop\Strawberry-RUL-prediction\data\02_processed\assigned_21-03-2026\F01\frame-34_16-15-10_F01.png,2026-03-21 16:15:10,2026-03-26 08:00:06,111.75,22.7,55.9,,False,True,,manual,approved
RUL_FINAL,strawberry,F01,F01,C:\Users\admin\Desktop\Strawberry-RUL-prediction\data\02_processed\final\F01\2026-03-21_16-30-10_frame-35_F01.png,C:\Users\admin\Desktop\Strawberry-RUL-prediction\data\02_processed\assigned_21-03-2026\F01\frame-35_16-30-10_F01.png,2026-03-21 16:30:10,2026-03-26 08:00:06,111.5,21.4,63.2,,False,True,,manual,approved
RUL_FINAL,strawberry,F01,F01,C:\Users\admin\Desktop\Strawberry-RUL-prediction\data\02_processed\final\F01\2026-03-21_16-45-10_frame-36_F01.png,C:\Users\admin\Desktop\Strawberry-RUL-prediction\data\02_processed\assigned_21-03-2026\F01\frame-36_16-45-10_F01.png,2026-03-21 16:45:10,2026-03-26 08:00:06,111.25,22.8,55.9,,False,True,,manual,approved
RUL_FINAL,strawberry,F01,F01,C:\Users\admin\Desktop\Strawberry-RUL-prediction\data\02_processed\final\F01\2026-03-21_17-00-10_frame-37_F01.png,C:\Users\admin\Desktop\Strawberry-RUL-prediction\data\02_processed\assigned_21-03-2026\F01\frame-37_17-00-10_F01.png,2026-03-21 17:00:10,2026-03-26 08:00:06,111.0,22.7,62.0,,False,True,,manual,approved
RUL_FINAL,strawberry,F01,F01,C:\Users\admin\Desktop\Strawberry-RUL-prediction\data\02_processed\final\F01\2026-03-21_17-15-10_frame-38_F01.png,C:\Users\admin\Desktop\Strawberry-RUL-prediction\data\02_processed\assigned_21-03-2026\F01\frame-38_17-15-10_F01.png,2026-03-21 17:15:10,2026-03-26 08:00:06,110.75,22.7,55.7,,False,True,,manual,approved
RUL_FINAL,strawberry,F01,F01,C:\Users\admin\Desktop\Strawberry-RUL-prediction\data\02_processed\final\F01\2026-03-21_17-30-10_frame-39_F01.png,C:\Users\admin\Desktop\Strawberry-RUL-prediction\data\02_processed\assigned_21-03-2026\F01\frame-39_17-30-10_F01.png,2026-03-21 17:30:10,2026-03-26 08:00:06,110.5,22.6,55.1,,False,True,,manual,approved
RUL_FINAL,strawberry,F01,F01,C:\Users\admin\Desktop\Strawberry-RUL-prediction\data\02_processed\final\F01\2026-03-21_17-45-10_frame-40_F01.png,C:\Users\admin\Desktop\Strawberry-RUL-prediction\data\02_processed\assigned_21-03-2026\F01\frame-40_17-45-10_F01.png,2026-03-21 17:45:10,2026-03-26 08:00:06,110.25,22.1,62.9,,False,True,,manual,approved
RUL_FINAL,strawberry,F01,F01,C:\Users\admin\Desktop\Strawberry-RUL-prediction\data\02_processed\final\F01\2026-03-21_18-00-11_frame-41_F01.png,C:\Users\admin\Desktop\Strawberry-RUL-prediction\data\02_processed\assigned_21-03-2026\F01\frame-41_18-00-11_F01.png,2026-03-21 18:00:11,2026-03-26 08:00:06,110.0,21.3,60.5,,False,True,,manual,approved
RUL_FINAL,strawberry,F01,F01,C:\Users\admin\Desktop\Strawberry-RUL-prediction\data\02_processed\final\F01\2026-03-21_18-15-11_frame-42_F01.png,C:\Users\admin\Desktop\Strawberry-RUL-prediction\data\02_processed\assigned_21-03-2026\F01\frame-42_18-15-11_F01.png,2026-03-21 18:15:11,2026-03-26 08:00:06,109.75,21.9,58.1,,False,True,,manual,approved
RUL_FINAL,strawberry,F01,F01,C:\Users\admin\Desktop\Strawberry-RUL-prediction\data\02_processed\final\F01\2026-03-21_18-30-11_frame-43_F01.png,C:\Users\admin\Desktop\Strawberry-RUL-prediction\data\02_processed\assigned_21-03-2026\F01\frame-43_18-30-11_F01.png,2026-03-21 18:30:11,2026-03-26 08:00:06,109.5,22.7,59.5,,False,True,,manual,approved
RUL_FINAL,strawberry,F01,F01,C:\Users\admin\Desktop\Strawberry-RUL-prediction\data\02_processed\final\F01\2026-03-23_08-00-06_frame-1_F01.png,C:\Users\admin\Desktop\Strawberry-RUL-prediction\data\02_processed\assigned_23-03-2026\F01\frame-1_08-00-06_F01.png,2026-03-23 08:00:06,2026-03-26 08:00:06,72.0,21.9,57.7,,False,True,,manual,approved
RUL_FINAL,strawberry,F01,F01,C:\Users\admin\Desktop\Strawberry-RUL-prediction\data\02_processed\final\F01\2026-03-23_08-15-07_frame-2_F01.png,C:\Users\admin\Desktop\Strawberry-RUL-prediction\data\02_processed\assigned_23-03-2026\F01\frame-2_08-15-07_F01.png,2026-03-23 08:15:07,2026-03-26 08:00:06,71.75,21.0,58.2,,False,True,,manual,approved
RUL_FINAL,strawberry,F01,F01,C:\Users\admin\Desktop\Strawberry-RUL-prediction\data\02_processed\final\F01\2026-03-23_08-30-07_frame-3_F01.png,C:\Users\admin\Desktop\Strawberry-RUL-prediction\data\02_processed\assigned_23-03-2026\F01\frame-3_08-30-07_F01.png,2026-03-23 08:30:07,2026-03-26 08:00:06,71.5,22.5,63.7,,False,True,,manual,approved
RUL_FINAL,strawberry,F01,F01,C:\Users\admin\Desktop\Strawberry-RUL-prediction\data\02_processed\final\F01\2026-03-23_08-45-07_frame-4_F01.png,C:\Users\admin\Desktop\Strawberry-RUL-prediction\data\02_processed\assigned_23-03-2026\F01\frame-4_08-45-07_F01.png,2026-03-23 08:45:07,2026-03-26 08:00:06,71.25,22.4,59.9,,False,True,,manual,approved
RUL_FINAL,strawberry,F01,F01,C:\Users\admin\Desktop\Strawberry-RUL-prediction\data\02_processed\final\F01\2026-03-23_09-00-07_frame-5_F01.png,C:\Users\admin\Desktop\Strawberry-RUL-prediction\data\02_processed\assigned_23-03-2026\F01\frame-5_09-00-07_F01.png,2026-03-23 09:00:07,2026-03-26 08:00:06,71.0,21.7,56.6,,False,True,,manual,approved
RUL_FINAL,strawberry,F01,F01,C:\Users\admin\Desktop\Strawberry-RUL-prediction\data\02_processed\final\F01\2026-03-23_09-15-07_frame-6_F01.png,C:\Users\admin\Desktop\Strawberry-RUL-prediction\data\02_processed\assigned_23-03-2026\F01\frame-6_09-15-07_F01.png,2026-03-23 09:15:07,2026-03-26 08:00:06,70.75,22.8,61.2,,False,True,,manual,approved
RUL_FINAL,strawberry,F01,F01,C:\Users\admin\Desktop\Strawberry-RUL-prediction\data\02_processed\final\F01\2026-03-23_09-30-07_frame-7_F01.png,C:\Users\admin\Desktop\Strawberry-RUL-prediction\data\02_processed\assigned_23-03-2026\F01\frame-7_09-30-07_F01.png,2026-03-23 09:30:07,2026-03-26 08:00:06,70.5,21.3,61.1,,False,True,,manual,approved
RUL_FINAL,strawberry,F01,F01,C:\Users\admin\Desktop\Strawberry-RUL-prediction\data\02_processed\final\F01\2026-03-23_09-45-07_frame-8_F01.png,C:\Users\admin\Desktop\Strawberry-RUL-prediction\data\02_processed\assigned_23-03-2026\F01\frame-8_09-45-07_F01.png,2026-03-23 09:45:07,2026-03-26 08:00:06,70.25,22.8,63.6,,False,True,,manual,approved
RUL_FINAL,strawberry,F01,F01,C:\Users\admin\Desktop\Strawberry-RUL-prediction\data\02_processed\final\F01\2026-03-23_10-00-07_frame-9_F01.png,C:\Users\admin\Desktop\Strawberry-RUL-prediction\data\02_processed\assigned_23-03-2026\F01\frame-9_10-00-07_F01.png,2026-03-23 10:00:07,2026-03-26 08:00:06,70.0,21.1,59.6,,False,True,,manual,approved
RUL_FINAL,strawberry,F01,F01,C:\Users\admin\Desktop\Strawberry-RUL-prediction\data\02_processed\final\F01\2026-03-23_10-15-07_frame-10_F01.png,C:\Users\admin\Desktop\Strawberry-RUL-prediction\data\02_processed\assigned_23-03-2026\F01\frame-10_10-15-07_F01.png,2026-03-23 10:15:07,2026-03-26 08:00:06,69.75,21.9,55.3,,False,True,,manual,approved
RUL_FINAL,strawberry,F01,F01,C:\Users\admin\Desktop\Strawberry-RUL-prediction\data\02_processed\final\F01\2026-03-23_10-30-08_frame-11_F01.png,C:\Users\admin\Desktop\Strawberry-RUL-prediction\data\02_processed\assigned_23-03-2026\F01\frame-11_10-30-08_F01.png,2026-03-23 10:30:08,2026-03-26 08:00:06,69.5,23.0,61.4,,False,True,,manual,approved
RUL_FINAL,strawberry,F01,F01,C:\Users\admin\Desktop\Strawberry-RUL-prediction\data\02_processed\final\F01\2026-03-23_10-45-08_frame-12_F01.png,C:\Users\admin\Desktop\Strawberry-RUL-prediction\data\02_processed\assigned_23-03-2026\F01\frame-12_10-45-08_F01.png,2026-03-23 10:45:08,2026-03-26 08:00:06,69.25,21.3,56.2,,False,True,,manual,approved
RUL_FINAL,strawberry,F01,F01,C:\Users\admin\Desktop\Strawberry-RUL-prediction\data\02_processed\final\F01\2026-03-23_11-00-08_frame-13_F01.png,C:\Users\admin\Desktop\Strawberry-RUL-prediction\data\02_processed\assigned_23-03-2026\F01\frame-13_11-00-08_F01.png,2026-03-23 11:00:08,2026-03-26 08:00:06,69.0,21.8,60.1,,False,True,,manual,approved
RUL_FINAL,strawberry,F01,F01,C:\Users\admin\Desktop\Strawberry-RUL-prediction\data\02_processed\final\F01\2026-03-23_11-15-08_frame-14_F01.png,C:\Users\admin\Desktop\Strawberry-RUL-prediction\data\02_processed\assigned_23-03-2026\F01\frame-14_11-15-08_F01.png,2026-03-23 11:15:08,2026-03-26 08:00:06,68.75,22.7,55.9,,False,True,,manual,approved
RUL_FINAL,strawberry,F01,F01,C:\Users\admin\Desktop\Strawberry-RUL-prediction\data\02_processed\final\F01\2026-03-23_11-30-08_frame-15_F01.png,C:\Users\admin\Desktop\Strawberry-RUL-prediction\data\02_processed\assigned_23-03-2026\F01\frame-15_11-30-08_F01.png,2026-03-23 11:30:08,2026-03-26 08:00:06,68.5,22.0,59.5,,False,True,,manual,approved
RUL_FINAL,strawberry,F01,F01,C:\Users\admin\Desktop\Strawberry-RUL-prediction\data\02_processed\final\F01\2026-03-23_11-45-08_frame-16_F01.png,C:\Users\admin\Desktop\Strawberry-RUL-prediction\data\02_processed\assigned_23-03-2026\F01\frame-16_11-45-08_F01.png,2026-03-23 11:45:08,2026-03-26 08:00:06,68.25,21.5,59.4,,False,True,,manual,approved
RUL_FINAL,strawberry,F01,F01,C:\Users\admin\Desktop\Strawberry-RUL-prediction\data\02_processed\final\F01\2026-03-23_12-00-08_frame-17_F01.png,C:\Users\admin\Desktop\Strawberry-RUL-prediction\data\02_processed\assigned_23-03-2026\F01\frame-17_12-00-08_F01.png,2026-03-23 12:00:08,2026-03-26 08:00:06,68.0,22.5,57.0,,False,True,,manual,approved
RUL_FINAL,strawberry,F01,F01,C:\Users\admin\Desktop\Strawberry-RUL-prediction\data\02_processed\final\F01\2026-03-23_12-15-08_frame-18_F01.png,C:\Users\admin\Desktop\Strawberry-RUL-prediction\data\02_processed\assigned_23-03-2026\F01\frame-18_12-15-08_F01.png,2026-03-23 12:15:08,2026-03-26 08:00:06,67.75,21.1,62.6,,False,True,,manual,approved
RUL_FINAL,strawberry,F01,F01,C:\Users\admin\Desktop\Strawberry-RUL-prediction\data\02_processed\final\F01\2026-03-23_12-30-08_frame-19_F01.png,C:\Users\admin\Desktop\Strawberry-RUL-prediction\data\02_processed\assigned_23-03-2026\F01\frame-19_12-30-08_F01.png,2026-03-23 12:30:08,2026-03-26 08:00:06,67.5,22.5,56.1,,False,True,,manual,approved
RUL_FINAL,strawberry,F01,F01,C:\Users\admin\Desktop\Strawberry-RUL-prediction\data\02_processed\final\F01\2026-03-23_12-45-08_frame-20_F01.png,C:\Users\admin\Desktop\Strawberry-RUL-prediction\data\02_processed\assigned_23-03-2026\F01\frame-20_12-45-08_F01.png,2026-03-23 12:45:08,2026-03-26 08:00:06,67.25,22.4,57.7,,False,True,,manual,approved
RUL_FINAL,strawberry,F01,F01,C:\Users\admin\Desktop\Strawberry-RUL-prediction\data\02_processed\final\F01\2026-03-23_13-00-09_frame-21_F01.png,C:\Users\admin\Desktop\Strawberry-RUL-prediction\data\02_processed\assigned_23-03-2026\F01\frame-21_13-00-09_F01.png,2026-03-23 13:00:09,2026-03-26 08:00:06,67.0,21.2,55.3,,False,True,,manual,approved
RUL_FINAL,strawberry,F01,F01,C:\Users\admin\Desktop\Strawberry-RUL-prediction\data\02_processed\final\F01\2026-03-23_13-15-09_frame-22_F01.png,C:\Users\admin\Desktop\Strawberry-RUL-prediction\data\02_processed\assigned_23-03-2026\F01\frame-22_13-15-09_F01.png,2026-03-23 13:15:09,2026-03-26 08:00:06,66.75,22.7,61.0,,False,True,,manual,approved
RUL_FINAL,strawberry,F01,F01,C:\Users\admin\Desktop\Strawberry-RUL-prediction\data\02_processed\final\F01\2026-03-23_13-30-09_frame-23_F01.png,C:\Users\admin\Desktop\Strawberry-RUL-prediction\data\02_processed\assigned_23-03-2026\F01\frame-23_13-30-09_F01.png,2026-03-23 13:30:09,2026-03-26 08:00:06,66.5,21.5,59.0,,False,True,,manual,approved
RUL_FINAL,strawberry,F01,F01,C:\Users\admin\Desktop\Strawberry-RUL-prediction\data\02_processed\final\F01\2026-03-23_13-45-09_frame-24_F01.png,C:\Users\admin\Desktop\Strawberry-RUL-prediction\data\02_processed\assigned_23-03-2026\F01\frame-24_13-45-09_F01.png,2026-03-23 13:45:09,2026-03-26 08:00:06,66.25,21.9,62.3,,False,True,,manual,approved
RUL_FINAL,strawberry,F01,F01,C:\Users\admin\Desktop\Strawberry-RUL-prediction\data\02_processed\final\F01\2026-03-23_14-00-09_frame-25_F01.png,C:\Users\admin\Desktop\Strawberry-RUL-prediction\data\02_processed\assigned_23-03-2026\F01\frame-25_14-00-09_F01.png,2026-03-23 14:00:09,2026-03-26 08:00:06,66.0,21.2,55.5,,False,True,,manual,approved
RUL_FINAL,strawberry,F01,F01,C:\Users\admin\Desktop\Strawberry-RUL-prediction\data\02_processed\final\F01\2026-03-23_14-15-09_frame-26_F01.png,C:\Users\admin\Desktop\Strawberry-RUL-prediction\data\02_processed\assigned_23-03-2026\F01\frame-26_14-15-09_F01.png,2026-03-23 14:15:09,2026-03-26 08:00:06,65.75,21.9,62.8,,False,True,,manual,approved
RUL_FINAL,strawberry,F01,F01,C:\Users\admin\Desktop\Strawberry-RUL-prediction\data\02_processed\final\F01\2026-03-23_14-30-09_frame-27_F01.png,C:\Users\admin\Desktop\Strawberry-RUL-prediction\data\02_processed\assigned_23-03-2026\F01\frame-27_14-30-09_F01.png,2026-03-23 14:30:09,2026-03-26 08:00:06,65.5,21.8,61.3,,False,True,,manual,approved
RUL_FINAL,strawberry,F01,F01,C:\Users\admin\Desktop\Strawberry-RUL-prediction\data\02_processed\final\F01\2026-03-23_14-45-09_frame-28_F01.png,C:\Users\admin\Desktop\Strawberry-RUL-prediction\data\02_processed\assigned_23-03-2026\F01\frame-28_14-45-09_F01.png,2026-03-23 14:45:09,2026-03-26 08:00:06,65.25,21.1,59.3,,False,True,,manual,approved
RUL_FINAL,strawberry,F01,F01,C:\Users\admin\Desktop\Strawberry-RUL-prediction\data\02_processed\final\F01\2026-03-23_15-00-09_frame-29_F01.png,C:\Users\admin\Desktop\Strawberry-RUL-prediction\data\02_processed\assigned_23-03-2026\F01\frame-29_15-00-09_F01.png,2026-03-23 15:00:09,2026-03-26 08:00:06,65.0,22.9,61.8,,False,True,,manual,approved
RUL_FINAL,strawberry,F01,F01,C:\Users\admin\Desktop\Strawberry-RUL-prediction\data\02_processed\final\F01\2026-03-23_15-15-09_frame-30_F01.png,C:\Users\admin\Desktop\Strawberry-RUL-prediction\data\02_processed\assigned_23-03-2026\F01\frame-30_15-15-09_F01.png,2026-03-23 15:15:09,2026-03-26 08:00:06,64.75,21.8,57.1,,False,True,,manual,approved
RUL_FINAL,strawberry,F01,F01,C:\Users\admin\Desktop\Strawberry-RUL-prediction\data\02_processed\final\F01\2026-03-23_15-30-10_frame-31_F01.png,C:\Users\admin\Desktop\Strawberry-RUL-prediction\data\02_processed\assigned_23-03-2026\F01\frame-31_15-30-10_F01.png,2026-03-23 15:30:10,2026-03-26 08:00:06,64.5,22.7,62.8,,False,True,,manual,approved
RUL_FINAL,strawberry,F01,F01,C:\Users\admin\Desktop\Strawberry-RUL-prediction\data\02_processed\final\F01\2026-03-23_17-15-29_frame-32_F01.png,C:\Users\admin\Desktop\Strawberry-RUL-prediction\data\02_processed\assigned_23-03-2026\F01\frame-32_17-15-29_F01.png,2026-03-23 17:15:29,2026-03-26 08:00:06,62.74,22.3,64.3,,False,True,,manual,approved
RUL_FINAL,strawberry,F01,F01,C:\Users\admin\Desktop\Strawberry-RUL-prediction\data\02_processed\final\F01\2026-03-23_17-30-30_frame-33_F01.png,C:\Users\admin\Desktop\Strawberry-RUL-prediction\data\02_processed\assigned_23-03-2026\F01\frame-33_17-30-30_F01.png,2026-03-23 17:30:30,2026-03-26 08:00:06,62.49,21.2,60.1,,False,True,,manual,approved
RUL_FINAL,strawberry,F01,F01,C:\Users\admin\Desktop\Strawberry-RUL-prediction\data\02_processed\final\F01\2026-03-23_17-45-30_frame-34_F01.png,C:\Users\admin\Desktop\Strawberry-RUL-prediction\data\02_processed\assigned_23-03-2026\F01\frame-34_17-45-30_F01.png,2026-03-23 17:45:30,2026-03-26 08:00:06,62.24,22.1,61.4,,False,True,,manual,approved
RUL_FINAL,strawberry,F01,F01,C:\Users\admin\Desktop\Strawberry-RUL-prediction\data\02_processed\final\F01\2026-03-23_18-00-30_frame-35_F01.png,C:\Users\admin\Desktop\Strawberry-RUL-prediction\data\02_processed\assigned_23-03-2026\F01\frame-35_18-00-30_F01.png,2026-03-23 18:00:30,2026-03-26 08:00:06,61.99,22.3,63.5,,False,True,,manual,approved
RUL_FINAL,strawberry,F01,F01,C:\Users\admin\Desktop\Strawberry-RUL-prediction\data\02_processed\final\F01\2026-03-23_18-15-30_frame-36_F01.png,C:\Users\admin\Desktop\Strawberry-RUL-prediction\data\02_processed\assigned_23-03-2026\F01\frame-36_18-15-30_F01.png,2026-03-23 18:15:30,2026-03-26 08:00:06,61.74,22.8,63.3,,False,True,,manual,approved
RUL_FINAL,strawberry,F01,F01,C:\Users\admin\Desktop\Strawberry-RUL-prediction\data\02_processed\final\F01\2026-03-23_18-30-30_frame-37_F01.png,C:\Users\admin\Desktop\Strawberry-RUL-prediction\data\02_processed\assigned_23-03-2026\F01\frame-37_18-30-30_F01.png,2026-03-23 18:30:30,2026-03-26 08:00:06,61.49,22.3,57.2,,False,True,,manual,approved
RUL_FINAL,strawberry,F01,F01,C:\Users\admin\Desktop\Strawberry-RUL-prediction\data\02_processed\final\F01\2026-03-23_18-45-31_frame-38_F01.png,C:\Users\admin\Desktop\Strawberry-RUL-prediction\data\02_processed\assigned_23-03-2026\F01\frame-38_18-45-31_F01.png,2026-03-23 18:45:31,2026-03-26 08:00:06,61.24,22.8,65.0,,False,True,,manual,approved
RUL_FINAL,strawberry,F01,F01,C:\Users\admin\Desktop\Strawberry-RUL-prediction\data\02_processed\final\F01\2026-03-23_19-00-31_frame-39_F01.png,C:\Users\admin\Desktop\Strawberry-RUL-prediction\data\02_processed\assigned_23-03-2026\F01\frame-39_19-00-31_F01.png,2026-03-23 19:00:31,2026-03-26 08:00:06,60.99,22.2,63.7,,False,True,,manual,approved
RUL_FINAL,strawberry,F01,F01,C:\Users\admin\Desktop\Strawberry-RUL-prediction\data\02_processed\final\F01\2026-03-23_19-15-31_frame-40_F01.png,C:\Users\admin\Desktop\Strawberry-RUL-prediction\data\02_processed\assigned_23-03-2026\F01\frame-40_19-15-31_F01.png,2026-03-23 19:15:31,2026-03-26 08:00:06,60.74,21.0,64.5,,False,True,,manual,approved
RUL_FINAL,strawberry,F01,F01,C:\Users\admin\Desktop\Strawberry-RUL-prediction\data\02_processed\final\F01\2026-03-23_19-30-31_frame-41_F01.png,C:\Users\admin\Desktop\Strawberry-RUL-prediction\data\02_processed\assigned_23-03-2026\F01\frame-41_19-30-31_F01.png,2026-03-23 19:30:31,2026-03-26 08:00:06,60.49,21.8,55.3,,False,True,,manual,approved
RUL_FINAL,strawberry,F01,F01,C:\Users\admin\Desktop\Strawberry-RUL-prediction\data\02_processed\final\F01\2026-03-23_19-45-31_frame-42_F01.png,C:\Users\admin\Desktop\Strawberry-RUL-prediction\data\02_processed\assigned_23-03-2026\F01\frame-42_19-45-31_F01.png,2026-03-23 19:45:31,2026-03-26 08:00:06,60.24,21.8,60.8,,False,True,,manual,approved
RUL_FINAL,strawberry,F01,F01,C:\Users\admin\Desktop\Strawberry-RUL-prediction\data\02_processed\final\F01\2026-03-23_20-00-31_frame-43_F01.png,C:\Users\admin\Desktop\Strawberry-RUL-prediction\data\02_processed\assigned_23-03-2026\F01\frame-43_20-00-31_F01.png,2026-03-23 20:00:31,2026-03-26 08:00:06,59.99,21.5,59.8,,False,True,,manual,approved
RUL_FINAL,strawberry,F01,F01,C:\Users\admin\Desktop\Strawberry-RUL-prediction\data\02_processed\final\F01\2026-03-24_08-00-06_frame-1_F01.png,C:\Users\admin\Desktop\Strawberry-RUL-prediction\data\02_processed\assigned_24-03-2026\F01\frame-1_08-00-06_F01.png,2026-03-24 08:00:06,2026-03-26 08:00:06,48.0,22.7,57.6,,False,True,,manual,approved
RUL_FINAL,strawberry,F01,F01,C:\Users\admin\Desktop\Strawberry-RUL-prediction\data\02_processed\final\F01\2026-03-24_08-15-06_frame-2_F01.png,C:\Users\admin\Desktop\Strawberry-RUL-prediction\data\02_processed\assigned_24-03-2026\F01\frame-2_08-15-06_F01.png,2026-03-24 08:15:06,2026-03-26 08:00:06,47.75,22.8,63.7,,False,True,,manual,approved
RUL_FINAL,strawberry,F01,F01,C:\Users\admin\Desktop\Strawberry-RUL-prediction\data\02_processed\final\F01\2026-03-24_08-30-07_frame-3_F01.png,C:\Users\admin\Desktop\Strawberry-RUL-prediction\data\02_processed\assigned_24-03-2026\F01\frame-3_08-30-07_F01.png,2026-03-24 08:30:07,2026-03-26 08:00:06,47.5,22.3,64.9,,False,True,,manual,approved
RUL_FINAL,strawberry,F01,F01,C:\Users\admin\Desktop\Strawberry-RUL-prediction\data\02_processed\final\F01\2026-03-24_08-45-07_frame-4_F01.png,C:\Users\admin\Desktop\Strawberry-RUL-prediction\data\02_processed\assigned_24-03-2026\F01\frame-4_08-45-07_F01.png,2026-03-24 08:45:07,2026-03-26 08:00:06,47.25,21.6,61.8,,False,True,,manual,approved
RUL_FINAL,strawberry,F01,F01,C:\Users\admin\Desktop\Strawberry-RUL-prediction\data\02_processed\final\F01\2026-03-24_09-00-07_frame-5_F01.png,C:\Users\admin\Desktop\Strawberry-RUL-prediction\data\02_processed\assigned_24-03-2026\F01\frame-5_09-00-07_F01.png,2026-03-24 09:00:07,2026-03-26 08:00:06,47.0,22.6,62.0,,False,True,,manual,approved
RUL_FINAL,strawberry,F01,F01,C:\Users\admin\Desktop\Strawberry-RUL-prediction\data\02_processed\final\F01\2026-03-24_09-15-07_frame-6_F01.png,C:\Users\admin\Desktop\Strawberry-RUL-prediction\data\02_processed\assigned_24-03-2026\F01\frame-6_09-15-07_F01.png,2026-03-24 09:15:07,2026-03-26 08:00:06,46.75,22.4,58.0,,False,True,,manual,approved
RUL_FINAL,strawberry,F01,F01,C:\Users\admin\Desktop\Strawberry-RUL-prediction\data\02_processed\final\F01\2026-03-24_09-30-07_frame-7_F01.png,C:\Users\admin\Desktop\Strawberry-RUL-prediction\data\02_processed\assigned_24-03-2026\F01\frame-7_09-30-07_F01.png,2026-03-24 09:30:07,2026-03-26 08:00:06,46.5,21.0,56.5,,False,True,,manual,approved
RUL_FINAL,strawberry,F01,F01,C:\Users\admin\Desktop\Strawberry-RUL-prediction\data\02_processed\final\F01\2026-03-24_09-45-07_frame-8_F01.png,C:\Users\admin\Desktop\Strawberry-RUL-prediction\data\02_processed\assigned_24-03-2026\F01\frame-8_09-45-07_F01.png,2026-03-24 09:45:07,2026-03-26 08:00:06,46.25,22.6,59.0,,False,True,,manual,approved
RUL_FINAL,strawberry,F01,F01,C:\Users\admin\Desktop\Strawberry-RUL-prediction\data\02_processed\final\F01\2026-03-24_10-00-08_frame-9_F01.png,C:\Users\admin\Desktop\Strawberry-RUL-prediction\data\02_processed\assigned_24-03-2026\F01\frame-9_10-00-08_F01.png,2026-03-24 10:00:08,2026-03-26 08:00:06,46.0,23.0,56.2,,False,True,,manual,approved
RUL_FINAL,strawberry,F01,F01,C:\Users\admin\Desktop\Strawberry-RUL-prediction\data\02_processed\final\F01\2026-03-24_10-15-08_frame-10_F01.png,C:\Users\admin\Desktop\Strawberry-RUL-prediction\data\02_processed\assigned_24-03-2026\F01\frame-10_10-15-08_F01.png,2026-03-24 10:15:08,2026-03-26 08:00:06,45.75,22.4,55.8,,False,True,,manual,approved
RUL_FINAL,strawberry,F01,F01,C:\Users\admin\Desktop\Strawberry-RUL-prediction\data\02_processed\final\F01\2026-03-24_10-30-08_frame-11_F01.png,C:\Users\admin\Desktop\Strawberry-RUL-prediction\data\02_processed\assigned_24-03-2026\F01\frame-11_10-30-08_F01.png,2026-03-24 10:30:08,2026-03-26 08:00:06,45.5,21.0,63.6,,False,True,,manual,approved
RUL_FINAL,strawberry,F01,F01,C:\Users\admin\Desktop\Strawberry-RUL-prediction\data\02_processed\final\F01\2026-03-24_10-45-08_frame-12_F01.png,C:\Users\admin\Desktop\Strawberry-RUL-prediction\data\02_processed\assigned_24-03-2026\F01\frame-12_10-45-08_F01.png,2026-03-24 10:45:08,2026-03-26 08:00:06,45.25,21.9,58.7,,False,True,,manual,approved
RUL_FINAL,strawberry,F01,F01,C:\Users\admin\Desktop\Strawberry-RUL-prediction\data\02_processed\final\F01\2026-03-24_11-00-08_frame-13_F01.png,C:\Users\admin\Desktop\Strawberry-RUL-prediction\data\02_processed\assigned_24-03-2026\F01\frame-13_11-00-08_F01.png,2026-03-24 11:00:08,2026-03-26 08:00:06,45.0,21.3,55.5,,False,True,,manual,approved
RUL_FINAL,strawberry,F01,F01,C:\Users\admin\Desktop\Strawberry-RUL-prediction\data\02_processed\final\F01\2026-03-24_11-15-08_frame-14_F01.png,C:\Users\admin\Desktop\Strawberry-RUL-prediction\data\02_processed\assigned_24-03-2026\F01\frame-14_11-15-08_F01.png,2026-03-24 11:15:08,2026-03-26 08:00:06,44.75,21.7,56.6,,False,True,,manual,approved
RUL_FINAL,strawberry,F01,F01,C:\Users\admin\Desktop\Strawberry-RUL-prediction\data\02_processed\final\F01\2026-03-24_11-30-08_frame-15_F01.png,C:\Users\admin\Desktop\Strawberry-RUL-prediction\data\02_processed\assigned_24-03-2026\F01\frame-15_11-30-08_F01.png,2026-03-24 11:30:08,2026-03-26 08:00:06,44.5,21.7,60.8,,False,True,,manual,approved
RUL_FINAL,strawberry,F01,F01,C:\Users\admin\Desktop\Strawberry-RUL-prediction\data\02_processed\final\F01\2026-03-24_11-45-08_frame-16_F01.png,C:\Users\admin\Desktop\Strawberry-RUL-prediction\data\02_processed\assigned_24-03-2026\F01\frame-16_11-45-08_F01.png,2026-03-24 11:45:08,2026-03-26 08:00:06,44.25,22.4,57.8,,False,True,,manual,approved
RUL_FINAL,strawberry,F01,F01,C:\Users\admin\Desktop\Strawberry-RUL-prediction\data\02_processed\final\F01\2026-03-24_12-00-08_frame-17_F01.png,C:\Users\admin\Desktop\Strawberry-RUL-prediction\data\02_processed\assigned_24-03-2026\F01\frame-17_12-00-08_F01.png,2026-03-24 12:00:08,2026-03-26 08:00:06,44.0,21.9,60.2,,False,True,,manual,approved
RUL_FINAL,strawberry,F01,F01,C:\Users\admin\Desktop\Strawberry-RUL-prediction\data\02_processed\final\F01\2026-03-24_12-15-08_frame-18_F01.png,C:\Users\admin\Desktop\Strawberry-RUL-prediction\data\02_processed\assigned_24-03-2026\F01\frame-18_12-15-08_F01.png,2026-03-24 12:15:08,2026-03-26 08:00:06,43.75,21.9,57.1,,False,True,,manual,approved
RUL_FINAL,strawberry,F01,F01,C:\Users\admin\Desktop\Strawberry-RUL-prediction\data\02_processed\final\F01\2026-03-24_12-30-09_frame-19_F01.png,C:\Users\admin\Desktop\Strawberry-RUL-prediction\data\02_processed\assigned_24-03-2026\F01\frame-19_12-30-09_F01.png,2026-03-24 12:30:09,2026-03-26 08:00:06,43.5,21.5,58.2,,False,True,,manual,approved
RUL_FINAL,strawberry,F01,F01,C:\Users\admin\Desktop\Strawberry-RUL-prediction\data\02_processed\final\F01\2026-03-24_12-45-09_frame-20_F01.png,C:\Users\admin\Desktop\Strawberry-RUL-prediction\data\02_processed\assigned_24-03-2026\F01\frame-20_12-45-09_F01.png,2026-03-24 12:45:09,2026-03-26 08:00:06,43.25,22.2,57.4,,False,True,,manual,approved
RUL_FINAL,strawberry,F01,F01,C:\Users\admin\Desktop\Strawberry-RUL-prediction\data\02_processed\final\F01\2026-03-24_13-00-09_frame-21_F01.png,C:\Users\admin\Desktop\Strawberry-RUL-prediction\data\02_processed\assigned_24-03-2026\F01\frame-21_13-00-09_F01.png,2026-03-24 13:00:09,2026-03-26 08:00:06,43.0,21.2,64.0,,False,True,,manual,approved
RUL_FINAL,strawberry,F01,F01,C:\Users\admin\Desktop\Strawberry-RUL-prediction\data\02_processed\final\F01\2026-03-24_13-20-13_frame-22_F01.png,C:\Users\admin\Desktop\Strawberry-RUL-prediction\data\02_processed\assigned_24-03-2026\F01\frame-22_13-20-13_F01.png,2026-03-24 13:20:13,2026-03-26 08:00:06,42.66,22.3,57.7,,False,True,,manual,approved
RUL_FINAL,strawberry,F01,F01,C:\Users\admin\Desktop\Strawberry-RUL-prediction\data\02_processed\final\F01\2026-03-24_13-35-13_frame-23_F01.png,C:\Users\admin\Desktop\Strawberry-RUL-prediction\data\02_processed\assigned_24-03-2026\F01\frame-23_13-35-13_F01.png,2026-03-24 13:35:13,2026-03-26 08:00:06,42.41,21.2,63.4,,False,True,,manual,approved
RUL_FINAL,strawberry,F01,F01,C:\Users\admin\Desktop\Strawberry-RUL-prediction\data\02_processed\final\F01\2026-03-24_13-50-13_frame-24_F01.png,C:\Users\admin\Desktop\Strawberry-RUL-prediction\data\02_processed\assigned_24-03-2026\F01\frame-24_13-50-13_F01.png,2026-03-24 13:50:13,2026-03-26 08:00:06,42.16,22.8,55.7,,False,True,,manual,approved
RUL_FINAL,strawberry,F01,F01,C:\Users\admin\Desktop\Strawberry-RUL-prediction\data\02_processed\final\F01\2026-03-24_14-05-13_frame-25_F01.png,C:\Users\admin\Desktop\Strawberry-RUL-prediction\data\02_processed\assigned_24-03-2026\F01\frame-25_14-05-13_F01.png,2026-03-24 14:05:13,2026-03-26 08:00:06,41.91,22.7,63.6,,False,True,,manual,approved
RUL_FINAL,strawberry,F01,F01,C:\Users\admin\Desktop\Strawberry-RUL-prediction\data\02_processed\final\F01\2026-03-24_14-20-13_frame-26_F01.png,C:\Users\admin\Desktop\Strawberry-RUL-prediction\data\02_processed\assigned_24-03-2026\F01\frame-26_14-20-13_F01.png,2026-03-24 14:20:13,2026-03-26 08:00:06,41.66,21.1,57.8,,False,True,,manual,approved
RUL_FINAL,strawberry,F01,F01,C:\Users\admin\Desktop\Strawberry-RUL-prediction\data\02_processed\final\F01\2026-03-24_14-35-13_frame-27_F01.png,C:\Users\admin\Desktop\Strawberry-RUL-prediction\data\02_processed\assigned_24-03-2026\F01\frame-27_14-35-13_F01.png,2026-03-24 14:35:13,2026-03-26 08:00:06,41.41,23.0,65.0,,False,True,,manual,approved
RUL_FINAL,strawberry,F01,F01,C:\Users\admin\Desktop\Strawberry-RUL-prediction\data\02_processed\final\F01\2026-03-24_14-50-13_frame-28_F01.png,C:\Users\admin\Desktop\Strawberry-RUL-prediction\data\02_processed\assigned_24-03-2026\F01\frame-28_14-50-13_F01.png,2026-03-24 14:50:13,2026-03-26 08:00:06,41.16,22.5,64.5,,False,True,,manual,approved
RUL_FINAL,strawberry,F01,F01,C:\Users\admin\Desktop\Strawberry-RUL-prediction\data\02_processed\final\F01\2026-03-24_15-05-13_frame-29_F01.png,C:\Users\admin\Desktop\Strawberry-RUL-prediction\data\02_processed\assigned_24-03-2026\F01\frame-29_15-05-13_F01.png,2026-03-24 15:05:13,2026-03-26 08:00:06,40.91,21.6,59.1,,False,True,,manual,approved
RUL_FINAL,strawberry,F01,F01,C:\Users\admin\Desktop\Strawberry-RUL-prediction\data\02_processed\final\F01\2026-03-24_15-20-14_frame-30_F01.png,C:\Users\admin\Desktop\Strawberry-RUL-prediction\data\02_processed\assigned_24-03-2026\F01\frame-30_15-20-14_F01.png,2026-03-24 15:20:14,2026-03-26 08:00:06,40.66,22.3,61.4,,False,True,,manual,approved
RUL_FINAL,strawberry,F01,F01,C:\Users\admin\Desktop\Strawberry-RUL-prediction\data\02_processed\final\F01\2026-03-24_15-35-14_frame-31_F01.png,C:\Users\admin\Desktop\Strawberry-RUL-prediction\data\02_processed\assigned_24-03-2026\F01\frame-31_15-35-14_F01.png,2026-03-24 15:35:14,2026-03-26 08:00:06,40.41,21.7,56.2,,False,True,,manual,approved
RUL_FINAL,strawberry,F01,F01,C:\Users\admin\Desktop\Strawberry-RUL-prediction\data\02_processed\final\F01\2026-03-24_15-50-14_frame-32_F01.png,C:\Users\admin\Desktop\Strawberry-RUL-prediction\data\02_processed\assigned_24-03-2026\F01\frame-32_15-50-14_F01.png,2026-03-24 15:50:14,2026-03-26 08:00:06,40.16,22.8,56.8,,False,True,,manual,approved
RUL_FINAL,strawberry,F01,F01,C:\Users\admin\Desktop\Strawberry-RUL-prediction\data\02_processed\final\F01\2026-03-24_16-05-14_frame-33_F01.png,C:\Users\admin\Desktop\Strawberry-RUL-prediction\data\02_processed\assigned_24-03-2026\F01\frame-33_16-05-14_F01.png,2026-03-24 16:05:14,2026-03-26 08:00:06,39.91,21.1,62.6,,False,True,,manual,approved
RUL_FINAL,strawberry,F01,F01,C:\Users\admin\Desktop\Strawberry-RUL-prediction\data\02_processed\final\F01\2026-03-24_16-20-14_frame-34_F01.png,C:\Users\admin\Desktop\Strawberry-RUL-prediction\data\02_processed\assigned_24-03-2026\F01\frame-34_16-20-14_F01.png,2026-03-24 16:20:14,2026-03-26 08:00:06,39.66,21.5,64.2,,False,True,,manual,approved
RUL_FINAL,strawberry,F01,F01,C:\Users\admin\Desktop\Strawberry-RUL-prediction\data\02_processed\final\F01\2026-03-24_16-35-14_frame-35_F01.png,C:\Users\admin\Desktop\Strawberry-RUL-prediction\data\02_processed\assigned_24-03-2026\F01\frame-35_16-35-14_F01.png,2026-03-24 16:35:14,2026-03-26 08:00:06,39.41,21.5,64.1,,False,True,,manual,approved
RUL_FINAL,strawberry,F01,F01,C:\Users\admin\Desktop\Strawberry-RUL-prediction\data\02_processed\final\F01\2026-03-24_16-50-14_frame-36_F01.png,C:\Users\admin\Desktop\Strawberry-RUL-prediction\data\02_processed\assigned_24-03-2026\F01\frame-36_16-50-14_F01.png,2026-03-24 16:50:14,2026-03-26 08:00:06,39.16,21.6,63.0,,False,True,,manual,approved
RUL_FINAL,strawberry,F01,F01,C:\Users\admin\Desktop\Strawberry-RUL-prediction\data\02_processed\final\F01\2026-03-24_17-05-15_frame-37_F01.png,C:\Users\admin\Desktop\Strawberry-RUL-prediction\data\02_processed\assigned_24-03-2026\F01\frame-37_17-05-15_F01.png,2026-03-24 17:05:15,2026-03-26 08:00:06,38.91,22.7,55.4,,False,True,,manual,approved
RUL_FINAL,strawberry,F01,F01,C:\Users\admin\Desktop\Strawberry-RUL-prediction\data\02_processed\final\F01\2026-03-24_17-20-15_frame-38_F01.png,C:\Users\admin\Desktop\Strawberry-RUL-prediction\data\02_processed\assigned_24-03-2026\F01\frame-38_17-20-15_F01.png,2026-03-24 17:20:15,2026-03-26 08:00:06,38.66,21.9,60.4,,False,True,,manual,approved
RUL_FINAL,strawberry,F01,F01,C:\Users\admin\Desktop\Strawberry-RUL-prediction\data\02_processed\final\F01\2026-03-24_17-35-15_frame-39_F01.png,C:\Users\admin\Desktop\Strawberry-RUL-prediction\data\02_processed\assigned_24-03-2026\F01\frame-39_17-35-15_F01.png,2026-03-24 17:35:15,2026-03-26 08:00:06,38.41,22.7,58.3,,False,True,,manual,approved
RUL_FINAL,strawberry,F01,F01,C:\Users\admin\Desktop\Strawberry-RUL-prediction\data\02_processed\final\F01\2026-03-24_17-50-15_frame-40_F01.png,C:\Users\admin\Desktop\Strawberry-RUL-prediction\data\02_processed\assigned_24-03-2026\F01\frame-40_17-50-15_F01.png,2026-03-24 17:50:15,2026-03-26 08:00:06,38.16,21.5,61.9,,False,True,,manual,approved
RUL_FINAL,strawberry,F01,F01,C:\Users\admin\Desktop\Strawberry-RUL-prediction\data\02_processed\final\F01\2026-03-24_18-05-15_frame-41_F01.png,C:\Users\admin\Desktop\Strawberry-RUL-prediction\data\02_processed\assigned_24-03-2026\F01\frame-41_18-05-15_F01.png,2026-03-24 18:05:15,2026-03-26 08:00:06,37.91,22.7,64.8,,False,True,,manual,approved
RUL_FINAL,strawberry,F01,F01,C:\Users\admin\Desktop\Strawberry-RUL-prediction\data\02_processed\final\F01\2026-03-24_18-20-15_frame-42_F01.png,C:\Users\admin\Desktop\Strawberry-RUL-prediction\data\02_processed\assigned_24-03-2026\F01\frame-42_18-20-15_F01.png,2026-03-24 18:20:15,2026-03-26 08:00:06,37.66,22.3,56.8,,False,True,,manual,approved
RUL_FINAL,strawberry,F01,F01,C:\Users\admin\Desktop\Strawberry-RUL-prediction\data\02_processed\final\F01\2026-03-24_18-35-15_frame-43_F01.png,C:\Users\admin\Desktop\Strawberry-RUL-prediction\data\02_processed\assigned_24-03-2026\F01\frame-43_18-35-15_F01.png,2026-03-24 18:35:15,2026-03-26 08:00:06,37.41,22.9,60.5,,False,True,,manual,approved
RUL_FINAL,strawberry,F01,F01,C:\Users\admin\Desktop\Strawberry-RUL-prediction\data\02_processed\final\F01\2026-03-24_18-50-15_frame-44_F01.png,C:\Users\admin\Desktop\Strawberry-RUL-prediction\data\02_processed\assigned_24-03-2026\F01\frame-44_18-50-15_F01.png,2026-03-24 18:50:15,2026-03-26 08:00:06,37.16,21.8,64.3,,False,True,,manual,approved
RUL_FINAL,strawberry,F01,F01,C:\Users\admin\Desktop\Strawberry-RUL-prediction\data\02_processed\final\F01\2026-03-24_19-05-15_frame-45_F01.png,C:\Users\admin\Desktop\Strawberry-RUL-prediction\data\02_processed\assigned_24-03-2026\F01\frame-45_19-05-15_F01.png,2026-03-24 19:05:15,2026-03-26 08:00:06,36.91,21.6,58.0,,False,True,,manual,approved
RUL_FINAL,strawberry,F01,F01,C:\Users\admin\Desktop\Strawberry-RUL-prediction\data\02_processed\final\F01\2026-03-24_19-20-15_frame-46_F01.png,C:\Users\admin\Desktop\Strawberry-RUL-prediction\data\02_processed\assigned_24-03-2026\F01\frame-46_19-20-15_F01.png,2026-03-24 19:20:15,2026-03-26 08:00:06,36.66,21.0,62.4,,False,True,,manual,approved
RUL_FINAL,strawberry,F01,F01,C:\Users\admin\Desktop\Strawberry-RUL-prediction\data\02_processed\final\F01\2026-03-24_19-35-15_frame-47_F01.png,C:\Users\admin\Desktop\Strawberry-RUL-prediction\data\02_processed\assigned_24-03-2026\F01\frame-47_19-35-15_F01.png,2026-03-24 19:35:15,2026-03-26 08:00:06,36.41,21.9,56.3,,False,True,,manual,approved
RUL_FINAL,strawberry,F01,F01,C:\Users\admin\Desktop\Strawberry-RUL-prediction\data\02_processed\final\F01\2026-03-24_19-50-16_frame-48_F01.png,C:\Users\admin\Desktop\Strawberry-RUL-prediction\data\02_processed\assigned_24-03-2026\F01\frame-48_19-50-16_F01.png,2026-03-24 19:50:16,2026-03-26 08:00:06,36.16,22.1,64.7,,False,True,,manual,approved
RUL_FINAL,strawberry,F01,F01,C:\Users\admin\Desktop\Strawberry-RUL-prediction\data\02_processed\final\F01\2026-03-25_08-00-06_frame-1_F01.png,C:\Users\admin\Desktop\Strawberry-RUL-prediction\data\02_processed\assigned_25-03-2026\F01\frame-1_08-00-06_F01.png,2026-03-25 08:00:06,2026-03-26 08:00:06,24.0,22.2,57.1,,False,True,,manual,approved
RUL_FINAL,strawberry,F01,F01,C:\Users\admin\Desktop\Strawberry-RUL-prediction\data\02_processed\final\F01\2026-03-25_08-15-07_frame-2_F01.png,C:\Users\admin\Desktop\Strawberry-RUL-prediction\data\02_processed\assigned_25-03-2026\F01\frame-2_08-15-07_F01.png,2026-03-25 08:15:07,2026-03-26 08:00:06,23.75,22.0,64.0,,False,True,,manual,approved
RUL_FINAL,strawberry,F01,F01,C:\Users\admin\Desktop\Strawberry-RUL-prediction\data\02_processed\final\F01\2026-03-25_08-30-07_frame-3_F01.png,C:\Users\admin\Desktop\Strawberry-RUL-prediction\data\02_processed\assigned_25-03-2026\F01\frame-3_08-30-07_F01.png,2026-03-25 08:30:07,2026-03-26 08:00:06,23.5,22.4,62.2,,False,True,,manual,approved
RUL_FINAL,strawberry,F01,F01,C:\Users\admin\Desktop\Strawberry-RUL-prediction\data\02_processed\final\F01\2026-03-25_08-45-07_frame-4_F01.png,C:\Users\admin\Desktop\Strawberry-RUL-prediction\data\02_processed\assigned_25-03-2026\F01\frame-4_08-45-07_F01.png,2026-03-25 08:45:07,2026-03-26 08:00:06,23.25,22.9,56.4,,False,True,,manual,approved
RUL_FINAL,strawberry,F01,F01,C:\Users\admin\Desktop\Strawberry-RUL-prediction\data\02_processed\final\F01\2026-03-25_09-00-07_frame-5_F01.png,C:\Users\admin\Desktop\Strawberry-RUL-prediction\data\02_processed\assigned_25-03-2026\F01\frame-5_09-00-07_F01.png,2026-03-25 09:00:07,2026-03-26 08:00:06,23.0,21.7,58.6,,False,True,,manual,approved
RUL_FINAL,strawberry,F01,F01,C:\Users\admin\Desktop\Strawberry-RUL-prediction\data\02_processed\final\F01\2026-03-25_09-15-07_frame-6_F01.png,C:\Users\admin\Desktop\Strawberry-RUL-prediction\data\02_processed\assigned_25-03-2026\F01\frame-6_09-15-07_F01.png,2026-03-25 09:15:07,2026-03-26 08:00:06,22.75,22.3,63.6,,False,True,,manual,approved
RUL_FINAL,strawberry,F01,F01,C:\Users\admin\Desktop\Strawberry-RUL-prediction\data\02_processed\final\F01\2026-03-25_09-30-07_frame-7_F01.png,C:\Users\admin\Desktop\Strawberry-RUL-prediction\data\02_processed\assigned_25-03-2026\F01\frame-7_09-30-07_F01.png,2026-03-25 09:30:07,2026-03-26 08:00:06,22.5,22.5,58.8,,False,True,,manual,approved
RUL_FINAL,strawberry,F01,F01,C:\Users\admin\Desktop\Strawberry-RUL-prediction\data\02_processed\final\F01\2026-03-25_09-45-07_frame-8_F01.png,C:\Users\admin\Desktop\Strawberry-RUL-prediction\data\02_processed\assigned_25-03-2026\F01\frame-8_09-45-07_F01.png,2026-03-25 09:45:07,2026-03-26 08:00:06,22.25,21.5,56.2,,False,True,,manual,approved
RUL_FINAL,strawberry,F01,F01,C:\Users\admin\Desktop\Strawberry-RUL-prediction\data\02_processed\final\F01\2026-03-25_10-00-07_frame-9_F01.png,C:\Users\admin\Desktop\Strawberry-RUL-prediction\data\02_processed\assigned_25-03-2026\F01\frame-9_10-00-07_F01.png,2026-03-25 10:00:07,2026-03-26 08:00:06,22.0,21.4,62.2,,False,True,,manual,approved
RUL_FINAL,strawberry,F01,F01,C:\Users\admin\Desktop\Strawberry-RUL-prediction\data\02_processed\final\F01\2026-03-25_10-15-08_frame-10_F01.png,C:\Users\admin\Desktop\Strawberry-RUL-prediction\data\02_processed\assigned_25-03-2026\F01\frame-10_10-15-08_F01.png,2026-03-25 10:15:08,2026-03-26 08:00:06,21.75,21.1,63.8,,False,True,,manual,approved
RUL_FINAL,strawberry,F01,F01,C:\Users\admin\Desktop\Strawberry-RUL-prediction\data\02_processed\final\F01\2026-03-25_10-30-08_frame-11_F01.png,C:\Users\admin\Desktop\Strawberry-RUL-prediction\data\02_processed\assigned_25-03-2026\F01\frame-11_10-30-08_F01.png,2026-03-25 10:30:08,2026-03-26 08:00:06,21.5,21.7,59.5,,False,True,,manual,approved
RUL_FINAL,strawberry,F01,F01,C:\Users\admin\Desktop\Strawberry-RUL-prediction\data\02_processed\final\F01\2026-03-25_10-45-08_frame-12_F01.png,C:\Users\admin\Desktop\Strawberry-RUL-prediction\data\02_processed\assigned_25-03-2026\F01\frame-12_10-45-08_F01.png,2026-03-25 10:45:08,2026-03-26 08:00:06,21.25,22.5,57.2,,False,True,,manual,approved
RUL_FINAL,strawberry,F01,F01,C:\Users\admin\Desktop\Strawberry-RUL-prediction\data\02_processed\final\F01\2026-03-25_11-00-08_frame-13_F01.png,C:\Users\admin\Desktop\Strawberry-RUL-prediction\data\02_processed\assigned_25-03-2026\F01\frame-13_11-00-08_F01.png,2026-03-25 11:00:08,2026-03-26 08:00:06,21.0,21.1,60.8,,False,True,,manual,approved
RUL_FINAL,strawberry,F01,F01,C:\Users\admin\Desktop\Strawberry-RUL-prediction\data\02_processed\final\F01\2026-03-25_11-15-08_frame-14_F01.png,C:\Users\admin\Desktop\Strawberry-RUL-prediction\data\02_processed\assigned_25-03-2026\F01\frame-14_11-15-08_F01.png,2026-03-25 11:15:08,2026-03-26 08:00:06,20.75,21.2,59.3,,False,True,,manual,approved
RUL_FINAL,strawberry,F01,F01,C:\Users\admin\Desktop\Strawberry-RUL-prediction\data\02_processed\final\F01\2026-03-25_11-30-08_frame-15_F01.png,C:\Users\admin\Desktop\Strawberry-RUL-prediction\data\02_processed\assigned_25-03-2026\F01\frame-15_11-30-08_F01.png,2026-03-25 11:30:08,2026-03-26 08:00:06,20.5,22.0,56.7,,False,True,,manual,approved
RUL_FINAL,strawberry,F01,F01,C:\Users\admin\Desktop\Strawberry-RUL-prediction\data\02_processed\final\F01\2026-03-25_11-45-08_frame-16_F01.png,C:\Users\admin\Desktop\Strawberry-RUL-prediction\data\02_processed\assigned_25-03-2026\F01\frame-16_11-45-08_F01.png,2026-03-25 11:45:08,2026-03-26 08:00:06,20.25,21.7,60.9,,False,True,,manual,approved
RUL_FINAL,strawberry,F01,F01,C:\Users\admin\Desktop\Strawberry-RUL-prediction\data\02_processed\final\F01\2026-03-25_12-00-08_frame-17_F01.png,C:\Users\admin\Desktop\Strawberry-RUL-prediction\data\02_processed\assigned_25-03-2026\F01\frame-17_12-00-08_F01.png,2026-03-25 12:00:08,2026-03-26 08:00:06,20.0,21.4,58.1,,False,True,,manual,approved
RUL_FINAL,strawberry,F01,F01,C:\Users\admin\Desktop\Strawberry-RUL-prediction\data\02_processed\final\F01\2026-03-25_12-15-08_frame-18_F01.png,C:\Users\admin\Desktop\Strawberry-RUL-prediction\data\02_processed\assigned_25-03-2026\F01\frame-18_12-15-08_F01.png,2026-03-25 12:15:08,2026-03-26 08:00:06,19.75,21.6,59.1,,False,True,,manual,approved
RUL_FINAL,strawberry,F01,F01,C:\Users\admin\Desktop\Strawberry-RUL-prediction\data\02_processed\final\F01\2026-03-25_12-30-08_frame-19_F01.png,C:\Users\admin\Desktop\Strawberry-RUL-prediction\data\02_processed\assigned_25-03-2026\F01\frame-19_12-30-08_F01.png,2026-03-25 12:30:08,2026-03-26 08:00:06,19.5,22.7,60.7,,False,True,,manual,approved
RUL_FINAL,strawberry,F01,F01,C:\Users\admin\Desktop\Strawberry-RUL-prediction\data\02_processed\final\F01\2026-03-25_12-45-08_frame-20_F01.png,C:\Users\admin\Desktop\Strawberry-RUL-prediction\data\02_processed\assigned_25-03-2026\F01\frame-20_12-45-08_F01.png,2026-03-25 12:45:08,2026-03-26 08:00:06,19.25,21.9,61.5,,False,True,,manual,approved
RUL_FINAL,strawberry,F01,F01,C:\Users\admin\Desktop\Strawberry-RUL-prediction\data\02_processed\final\F01\2026-03-25_13-00-09_frame-21_F01.png,C:\Users\admin\Desktop\Strawberry-RUL-prediction\data\02_processed\assigned_25-03-2026\F01\frame-21_13-00-09_F01.png,2026-03-25 13:00:09,2026-03-26 08:00:06,19.0,22.6,63.8,,False,True,,manual,approved
RUL_FINAL,strawberry,F01,F01,C:\Users\admin\Desktop\Strawberry-RUL-prediction\data\02_processed\final\F01\2026-03-25_13-15-09_frame-22_F01.png,C:\Users\admin\Desktop\Strawberry-RUL-prediction\data\02_processed\assigned_25-03-2026\F01\frame-22_13-15-09_F01.png,2026-03-25 13:15:09,2026-03-26 08:00:06,18.75,22.7,61.2,,False,True,,manual,approved
RUL_FINAL,strawberry,F01,F01,C:\Users\admin\Desktop\Strawberry-RUL-prediction\data\02_processed\final\F01\2026-03-25_13-30-09_frame-23_F01.png,C:\Users\admin\Desktop\Strawberry-RUL-prediction\data\02_processed\assigned_25-03-2026\F01\frame-23_13-30-09_F01.png,2026-03-25 13:30:09,2026-03-26 08:00:06,18.5,21.2,59.3,,False,True,,manual,approved
RUL_FINAL,strawberry,F01,F01,C:\Users\admin\Desktop\Strawberry-RUL-prediction\data\02_processed\final\F01\2026-03-25_13-45-09_frame-24_F01.png,C:\Users\admin\Desktop\Strawberry-RUL-prediction\data\02_processed\assigned_25-03-2026\F01\frame-24_13-45-09_F01.png,2026-03-25 13:45:09,2026-03-26 08:00:06,18.25,21.3,58.8,,False,True,,manual,approved
RUL_FINAL,strawberry,F01,F01,C:\Users\admin\Desktop\Strawberry-RUL-prediction\data\02_processed\final\F01\2026-03-25_14-00-09_frame-25_F01.png,C:\Users\admin\Desktop\Strawberry-RUL-prediction\data\02_processed\assigned_25-03-2026\F01\frame-25_14-00-09_F01.png,2026-03-25 14:00:09,2026-03-26 08:00:06,18.0,21.6,62.9,,False,True,,manual,approved
RUL_FINAL,strawberry,F01,F01,C:\Users\admin\Desktop\Strawberry-RUL-prediction\data\02_processed\final\F01\2026-03-25_14-15-09_frame-26_F01.png,C:\Users\admin\Desktop\Strawberry-RUL-prediction\data\02_processed\assigned_25-03-2026\F01\frame-26_14-15-09_F01.png,2026-03-25 14:15:09,2026-03-26 08:00:06,17.75,21.4,58.8,,False,True,,manual,approved
RUL_FINAL,strawberry,F01,F01,C:\Users\admin\Desktop\Strawberry-RUL-prediction\data\02_processed\final\F01\2026-03-25_14-30-09_frame-27_F01.png,C:\Users\admin\Desktop\Strawberry-RUL-prediction\data\02_processed\assigned_25-03-2026\F01\frame-27_14-30-09_F01.png,2026-03-25 14:30:09,2026-03-26 08:00:06,17.5,22.4,57.2,,False,True,,manual,approved
RUL_FINAL,strawberry,F01,F01,C:\Users\admin\Desktop\Strawberry-RUL-prediction\data\02_processed\final\F01\2026-03-25_14-45-10_frame-28_F01.png,C:\Users\admin\Desktop\Strawberry-RUL-prediction\data\02_processed\assigned_25-03-2026\F01\frame-28_14-45-10_F01.png,2026-03-25 14:45:10,2026-03-26 08:00:06,17.25,21.0,64.3,,False,True,,manual,approved
RUL_FINAL,strawberry,F01,F01,C:\Users\admin\Desktop\Strawberry-RUL-prediction\data\02_processed\final\F01\2026-03-25_15-00-10_frame-29_F01.png,C:\Users\admin\Desktop\Strawberry-RUL-prediction\data\02_processed\assigned_25-03-2026\F01\frame-29_15-00-10_F01.png,2026-03-25 15:00:10,2026-03-26 08:00:06,17.0,22.6,63.7,,False,True,,manual,approved
RUL_FINAL,strawberry,F01,F01,C:\Users\admin\Desktop\Strawberry-RUL-prediction\data\02_processed\final\F01\2026-03-25_15-15-10_frame-30_F01.png,C:\Users\admin\Desktop\Strawberry-RUL-prediction\data\02_processed\assigned_25-03-2026\F01\frame-30_15-15-10_F01.png,2026-03-25 15:15:10,2026-03-26 08:00:06,16.75,22.9,57.0,,False,True,,manual,approved
RUL_FINAL,strawberry,F01,F01,C:\Users\admin\Desktop\Strawberry-RUL-prediction\data\02_processed\final\F01\2026-03-25_15-30-10_frame-31_F01.png,C:\Users\admin\Desktop\Strawberry-RUL-prediction\data\02_processed\assigned_25-03-2026\F01\frame-31_15-30-10_F01.png,2026-03-25 15:30:10,2026-03-26 08:00:06,16.5,22.3,63.4,,False,True,,manual,approved
RUL_FINAL,strawberry,F01,F01,C:\Users\admin\Desktop\Strawberry-RUL-prediction\data\02_processed\final\F01\2026-03-25_15-45-10_frame-32_F01.png,C:\Users\admin\Desktop\Strawberry-RUL-prediction\data\02_processed\assigned_25-03-2026\F01\frame-32_15-45-10_F01.png,2026-03-25 15:45:10,2026-03-26 08:00:06,16.25,21.2,62.4,,False,True,,manual,approved
RUL_FINAL,strawberry,F01,F01,C:\Users\admin\Desktop\Strawberry-RUL-prediction\data\02_processed\final\F01\2026-03-25_16-00-10_frame-33_F01.png,C:\Users\admin\Desktop\Strawberry-RUL-prediction\data\02_processed\assigned_25-03-2026\F01\frame-33_16-00-10_F01.png,2026-03-25 16:00:10,2026-03-26 08:00:06,16.0,21.9,64.5,,False,True,,manual,approved
RUL_FINAL,strawberry,F01,F01,C:\Users\admin\Desktop\Strawberry-RUL-prediction\data\02_processed\final\F01\2026-03-25_16-15-11_frame-34_F01.png,C:\Users\admin\Desktop\Strawberry-RUL-prediction\data\02_processed\assigned_25-03-2026\F01\frame-34_16-15-11_F01.png,2026-03-25 16:15:11,2026-03-26 08:00:06,15.75,22.5,60.4,,False,True,,manual,approved
RUL_FINAL,strawberry,F01,F01,C:\Users\admin\Desktop\Strawberry-RUL-prediction\data\02_processed\final\F01\2026-03-25_16-30-11_frame-35_F01.png,C:\Users\admin\Desktop\Strawberry-RUL-prediction\data\02_processed\assigned_25-03-2026\F01\frame-35_16-30-11_F01.png,2026-03-25 16:30:11,2026-03-26 08:00:06,15.5,22.7,60.5,,False,True,,manual,approved
RUL_FINAL,strawberry,F01,F01,C:\Users\admin\Desktop\Strawberry-RUL-prediction\data\02_processed\final\F01\2026-03-25_16-45-11_frame-36_F01.png,C:\Users\admin\Desktop\Strawberry-RUL-prediction\data\02_processed\assigned_25-03-2026\F01\frame-36_16-45-11_F01.png,2026-03-25 16:45:11,2026-03-26 08:00:06,15.25,21.9,56.2,,False,True,,manual,approved
RUL_FINAL,strawberry,F01,F01,C:\Users\admin\Desktop\Strawberry-RUL-prediction\data\02_processed\final\F01\2026-03-25_17-00-11_frame-37_F01.png,C:\Users\admin\Desktop\Strawberry-RUL-prediction\data\02_processed\assigned_25-03-2026\F01\frame-37_17-00-11_F01.png,2026-03-25 17:00:11,2026-03-26 08:00:06,15.0,22.0,55.9,,False,True,,manual,approved
RUL_FINAL,strawberry,F01,F01,C:\Users\admin\Desktop\Strawberry-RUL-prediction\data\02_processed\final\F01\2026-03-25_17-15-11_frame-38_F01.png,C:\Users\admin\Desktop\Strawberry-RUL-prediction\data\02_processed\assigned_25-03-2026\F01\frame-38_17-15-11_F01.png,2026-03-25 17:15:11,2026-03-26 08:00:06,14.75,22.0,55.5,,False,True,,manual,approved
RUL_FINAL,strawberry,F01,F01,C:\Users\admin\Desktop\Strawberry-RUL-prediction\data\02_processed\final\F01\2026-03-25_17-30-11_frame-39_F01.png,C:\Users\admin\Desktop\Strawberry-RUL-prediction\data\02_processed\assigned_25-03-2026\F01\frame-39_17-30-11_F01.png,2026-03-25 17:30:11,2026-03-26 08:00:06,14.5,22.6,56.7,,False,True,,manual,approved
RUL_FINAL,strawberry,F01,F01,C:\Users\admin\Desktop\Strawberry-RUL-prediction\data\02_processed\final\F01\2026-03-25_17-45-11_frame-40_F01.png,C:\Users\admin\Desktop\Strawberry-RUL-prediction\data\02_processed\assigned_25-03-2026\F01\frame-40_17-45-11_F01.png,2026-03-25 17:45:11,2026-03-26 08:00:06,14.25,22.5,60.5,,False,True,,manual,approved
RUL_FINAL,strawberry,F01,F01,C:\Users\admin\Desktop\Strawberry-RUL-prediction\data\02_processed\final\F01\2026-03-25_18-00-11_frame-41_F01.png,C:\Users\admin\Desktop\Strawberry-RUL-prediction\data\02_processed\assigned_25-03-2026\F01\frame-41_18-00-11_F01.png,2026-03-25 18:00:11,2026-03-26 08:00:06,14.0,22.6,60.7,,False,True,,manual,approved
RUL_FINAL,strawberry,F01,F01,C:\Users\admin\Desktop\Strawberry-RUL-prediction\data\02_processed\final\F01\2026-03-25_18-15-11_frame-42_F01.png,C:\Users\admin\Desktop\Strawberry-RUL-prediction\data\02_processed\assigned_25-03-2026\F01\frame-42_18-15-11_F01.png,2026-03-25 18:15:11,2026-03-26 08:00:06,13.75,22.4,59.5,,False,True,,manual,approved
RUL_FINAL,strawberry,F01,F01,C:\Users\admin\Desktop\Strawberry-RUL-prediction\data\02_processed\final\F01\2026-03-25_18-30-12_frame-43_F01.png,C:\Users\admin\Desktop\Strawberry-RUL-prediction\data\02_processed\assigned_25-03-2026\F01\frame-43_18-30-12_F01.png,2026-03-25 18:30:12,2026-03-26 08:00:06,13.5,21.5,57.2,,False,True,,manual,approved
RUL_FINAL,strawberry,F01,F01,C:\Users\admin\Desktop\Strawberry-RUL-prediction\data\02_processed\final\F01\2026-03-25_18-45-12_frame-44_F01.png,C:\Users\admin\Desktop\Strawberry-RUL-prediction\data\02_processed\assigned_25-03-2026\F01\frame-44_18-45-12_F01.png,2026-03-25 18:45:12,2026-03-26 08:00:06,13.25,22.5,59.9,,False,True,,manual,approved
RUL_FINAL,strawberry,F01,F01,C:\Users\admin\Desktop\Strawberry-RUL-prediction\data\02_processed\final\F01\2026-03-25_19-00-12_frame-45_F01.png,C:\Users\admin\Desktop\Strawberry-RUL-prediction\data\02_processed\assigned_25-03-2026\F01\frame-45_19-00-12_F01.png,2026-03-25 19:00:12,2026-03-26 08:00:06,13.0,22.3,55.3,,False,True,,manual,approved
RUL_FINAL,strawberry,F01,F01,C:\Users\admin\Desktop\Strawberry-RUL-prediction\data\02_processed\final\F01\2026-03-25_19-15-12_frame-46_F01.png,C:\Users\admin\Desktop\Strawberry-RUL-prediction\data\02_processed\assigned_25-03-2026\F01\frame-46_19-15-12_F01.png,2026-03-25 19:15:12,2026-03-26 08:00:06,12.75,22.4,62.7,,False,True,,manual,approved
RUL_FINAL,strawberry,F01,F01,C:\Users\admin\Desktop\Strawberry-RUL-prediction\data\02_processed\final\F01\2026-03-25_19-30-12_frame-47_F01.png,C:\Users\admin\Desktop\Strawberry-RUL-prediction\data\02_processed\assigned_25-03-2026\F01\frame-47_19-30-12_F01.png,2026-03-25 19:30:12,2026-03-26 08:00:06,12.5,21.8,60.6,,False,True,,manual,approved
RUL_FINAL,strawberry,F01,F01,C:\Users\admin\Desktop\Strawberry-RUL-prediction\data\02_processed\final\F01\2026-03-26_08-00-06_frame-1_F01.png,C:\Users\admin\Desktop\Strawberry-RUL-prediction\data\02_processed\assigned_26-03-2026\F01\frame-1_08-00-06_F01.png,2026-03-26 08:00:06,2026-03-26 08:00:06,0.0,21.1,57.1,,False,True,,manual,approved
RUL_FINAL,strawberry,F01,F01,C:\Users\admin\Desktop\Strawberry-RUL-prediction\data\02_processed\final\F01\2026-03-26_08-15-06_frame-2_F01.png,C:\Users\admin\Desktop\Strawberry-RUL-prediction\data\02_processed\assigned_26-03-2026\F01\frame-2_08-15-06_F01.png,2026-03-26 08:15:06,2026-03-26 08:00:06,0.0,22.0,57.4,,False,True,,manual,approved
RUL_FINAL,strawberry,F01,F01,C:\Users\admin\Desktop\Strawberry-RUL-prediction\data\02_processed\final\F01\2026-03-26_08-30-07_frame-3_F01.png,C:\Users\admin\Desktop\Strawberry-RUL-prediction\data\02_processed\assigned_26-03-2026\F01\frame-3_08-30-07_F01.png,2026-03-26 08:30:07,2026-03-26 08:00:06,0.0,21.2,64.6,,False,True,,manual,approved
RUL_FINAL,strawberry,F01,F01,C:\Users\admin\Desktop\Strawberry-RUL-prediction\data\02_processed\final\F01\2026-03-26_08-45-07_frame-4_F01.png,C:\Users\admin\Desktop\Strawberry-RUL-prediction\data\02_processed\assigned_26-03-2026\F01\frame-4_08-45-07_F01.png,2026-03-26 08:45:07,2026-03-26 08:00:06,0.0,22.0,62.2,,False,True,,manual,approved
RUL_FINAL,strawberry,F01,F01,C:\Users\admin\Desktop\Strawberry-RUL-prediction\data\02_processed\final\F01\2026-03-26_09-00-07_frame-5_F01.png,C:\Users\admin\Desktop\Strawberry-RUL-prediction\data\02_processed\assigned_26-03-2026\F01\frame-5_09-00-07_F01.png,2026-03-26 09:00:07,2026-03-26 08:00:06,0.0,21.6,64.7,,False,True,,manual,approved
RUL_FINAL,strawberry,F01,F01,C:\Users\admin\Desktop\Strawberry-RUL-prediction\data\02_processed\final\F01\2026-03-26_09-15-07_frame-6_F01.png,C:\Users\admin\Desktop\Strawberry-RUL-prediction\data\02_processed\assigned_26-03-2026\F01\frame-6_09-15-07_F01.png,2026-03-26 09:15:07,2026-03-26 08:00:06,0.0,21.8,64.0,,False,True,,manual,approved
RUL_FINAL,strawberry,F01,F01,C:\Users\admin\Desktop\Strawberry-RUL-prediction\data\02_processed\final\F01\2026-03-26_09-30-07_frame-7_F01.png,C:\Users\admin\Desktop\Strawberry-RUL-prediction\data\02_processed\assigned_26-03-2026\F01\frame-7_09-30-07_F01.png,2026-03-26 09:30:07,2026-03-26 08:00:06,0.0,22.6,59.7,,False,True,,manual,approved
RUL_FINAL,strawberry,F01,F01,C:\Users\admin\Desktop\Strawberry-RUL-prediction\data\02_processed\final\F01\2026-03-26_09-45-07_frame-8_F01.png,C:\Users\admin\Desktop\Strawberry-RUL-prediction\data\02_processed\assigned_26-03-2026\F01\frame-8_09-45-07_F01.png,2026-03-26 09:45:07,2026-03-26 08:00:06,0.0,22.7,60.8,,False,True,,manual,approved
RUL_FINAL,strawberry,F01,F01,C:\Users\admin\Desktop\Strawberry-RUL-prediction\data\02_processed\final\F01\2026-03-26_10-00-07_frame-9_F01.png,C:\Users\admin\Desktop\Strawberry-RUL-prediction\data\02_processed\assigned_26-03-2026\F01\frame-9_10-00-07_F01.png,2026-03-26 10:00:07,2026-03-26 08:00:06,0.0,22.5,61.7,,False,True,,manual,approved
RUL_FINAL,strawberry,F01,F01,C:\Users\admin\Desktop\Strawberry-RUL-prediction\data\02_processed\final\F01\2026-03-26_10-15-07_frame-10_F01.png,C:\Users\admin\Desktop\Strawberry-RUL-prediction\data\02_processed\assigned_26-03-2026\F01\frame-10_10-15-07_F01.png,2026-03-26 10:15:07,2026-03-26 08:00:06,0.0,21.3,59.6,,False,True,,manual,approved
RUL_FINAL,strawberry,F01,F01,C:\Users\admin\Desktop\Strawberry-RUL-prediction\data\02_processed\final\F01\2026-03-26_10-30-07_frame-11_F01.png,C:\Users\admin\Desktop\Strawberry-RUL-prediction\data\02_processed\assigned_26-03-2026\F01\frame-11_10-30-07_F01.png,2026-03-26 10:30:07,2026-03-26 08:00:06,0.0,21.2,62.2,,False,True,,manual,approved
RUL_FINAL,strawberry,F01,F01,C:\Users\admin\Desktop\Strawberry-RUL-prediction\data\02_processed\final\F01\2026-03-26_10-45-08_frame-12_F01.png,C:\Users\admin\Desktop\Strawberry-RUL-prediction\data\02_processed\assigned_26-03-2026\F01\frame-12_10-45-08_F01.png,2026-03-26 10:45:08,2026-03-26 08:00:06,0.0,23.0,63.4,,False,True,,manual,approved
RUL_FINAL,strawberry,F01,F01,C:\Users\admin\Desktop\Strawberry-RUL-prediction\data\02_processed\final\F01\2026-03-26_11-00-08_frame-13_F01.png,C:\Users\admin\Desktop\Strawberry-RUL-prediction\data\02_processed\assigned_26-03-2026\F01\frame-13_11-00-08_F01.png,2026-03-26 11:00:08,2026-03-26 08:00:06,0.0,22.5,56.1,,False,True,,manual,approved
RUL_FINAL,strawberry,F01,F01,C:\Users\admin\Desktop\Strawberry-RUL-prediction\data\02_processed\final\F01\2026-03-26_11-15-08_frame-14_F01.png,C:\Users\admin\Desktop\Strawberry-RUL-prediction\data\02_processed\assigned_26-03-2026\F01\frame-14_11-15-08_F01.png,2026-03-26 11:15:08,2026-03-26 08:00:06,0.0,22.7,59.4,,False,True,,manual,approved
RUL_FINAL,strawberry,F01,F01,C:\Users\admin\Desktop\Strawberry-RUL-prediction\data\02_processed\final\F01\2026-03-26_11-30-08_frame-15_F01.png,C:\Users\admin\Desktop\Strawberry-RUL-prediction\data\02_processed\assigned_26-03-2026\F01\frame-15_11-30-08_F01.png,2026-03-26 11:30:08,2026-03-26 08:00:06,0.0,22.1,61.8,,False,True,,manual,approved
RUL_FINAL,strawberry,F01,F01,C:\Users\admin\Desktop\Strawberry-RUL-prediction\data\02_processed\final\F01\2026-03-26_11-45-08_frame-16_F01.png,C:\Users\admin\Desktop\Strawberry-RUL-prediction\data\02_processed\assigned_26-03-2026\F01\frame-16_11-45-08_F01.png,2026-03-26 11:45:08,2026-03-26 08:00:06,0.0,21.6,58.7,,False,True,,manual,approved
RUL_FINAL,strawberry,F01,F01,C:\Users\admin\Desktop\Strawberry-RUL-prediction\data\02_processed\final\F01\2026-03-26_12-00-08_frame-17_F01.png,C:\Users\admin\Desktop\Strawberry-RUL-prediction\data\02_processed\assigned_26-03-2026\F01\frame-17_12-00-08_F01.png,2026-03-26 12:00:08,2026-03-26 08:00:06,0.0,21.4,55.6,,False,True,,manual,approved
RUL_FINAL,strawberry,F01,F01,C:\Users\admin\Desktop\Strawberry-RUL-prediction\data\02_processed\final\F01\2026-03-26_12-15-08_frame-18_F01.png,C:\Users\admin\Desktop\Strawberry-RUL-prediction\data\02_processed\assigned_26-03-2026\F01\frame-18_12-15-08_F01.png,2026-03-26 12:15:08,2026-03-26 08:00:06,0.0,21.8,55.3,,False,True,,manual,approved
RUL_FINAL,strawberry,F01,F01,C:\Users\admin\Desktop\Strawberry-RUL-prediction\data\02_processed\final\F01\2026-03-26_12-30-09_frame-19_F01.png,C:\Users\admin\Desktop\Strawberry-RUL-prediction\data\02_processed\assigned_26-03-2026\F01\frame-19_12-30-09_F01.png,2026-03-26 12:30:09,2026-03-26 08:00:06,0.0,21.4,56.2,,False,True,,manual,approved
RUL_FINAL,strawberry,F01,F01,C:\Users\admin\Desktop\Strawberry-RUL-prediction\data\02_processed\final\F01\2026-03-26_12-45-09_frame-20_F01.png,C:\Users\admin\Desktop\Strawberry-RUL-prediction\data\02_processed\assigned_26-03-2026\F01\frame-20_12-45-09_F01.png,2026-03-26 12:45:09,2026-03-26 08:00:06,0.0,21.5,61.0,,False,True,,manual,approved
RUL_FINAL,strawberry,F01,F01,C:\Users\admin\Desktop\Strawberry-RUL-prediction\data\02_processed\final\F01\2026-03-26_13-00-09_frame-21_F01.png,C:\Users\admin\Desktop\Strawberry-RUL-prediction\data\02_processed\assigned_26-03-2026\F01\frame-21_13-00-09_F01.png,2026-03-26 13:00:09,2026-03-26 08:00:06,0.0,22.4,64.2,,False,True,,manual,approved
RUL_FINAL,strawberry,F01,F01,C:\Users\admin\Desktop\Strawberry-RUL-prediction\data\02_processed\final\F01\2026-03-26_13-15-09_frame-22_F01.png,C:\Users\admin\Desktop\Strawberry-RUL-prediction\data\02_processed\assigned_26-03-2026\F01\frame-22_13-15-09_F01.png,2026-03-26 13:15:09,2026-03-26 08:00:06,0.0,22.3,57.6,,False,True,,manual,approved
RUL_FINAL,strawberry,F01,F01,C:\Users\admin\Desktop\Strawberry-RUL-prediction\data\02_processed\final\F01\2026-03-26_13-30-09_frame-23_F01.png,C:\Users\admin\Desktop\Strawberry-RUL-prediction\data\02_processed\assigned_26-03-2026\F01\frame-23_13-30-09_F01.png,2026-03-26 13:30:09,2026-03-26 08:00:06,0.0,22.7,59.4,,False,True,,manual,approved
RUL_FINAL,strawberry,F01,F01,C:\Users\admin\Desktop\Strawberry-RUL-prediction\data\02_processed\final\F01\2026-03-26_13-45-09_frame-24_F01.png,C:\Users\admin\Desktop\Strawberry-RUL-prediction\data\02_processed\assigned_26-03-2026\F01\frame-24_13-45-09_F01.png,2026-03-26 13:45:09,2026-03-26 08:00:06,0.0,22.3,60.5,,False,True,,manual,approved
RUL_FINAL,strawberry,F01,F01,C:\Users\admin\Desktop\Strawberry-RUL-prediction\data\02_processed\final\F01\2026-03-26_14-00-09_frame-25_F01.png,C:\Users\admin\Desktop\Strawberry-RUL-prediction\data\02_processed\assigned_26-03-2026\F01\frame-25_14-00-09_F01.png,2026-03-26 14:00:09,2026-03-26 08:00:06,0.0,22.9,63.6,,False,True,,manual,approved
RUL_FINAL,strawberry,F01,F01,C:\Users\admin\Desktop\Strawberry-RUL-prediction\data\02_processed\final\F01\2026-03-26_14-15-09_frame-26_F01.png,C:\Users\admin\Desktop\Strawberry-RUL-prediction\data\02_processed\assigned_26-03-2026\F01\frame-26_14-15-09_F01.png,2026-03-26 14:15:09,2026-03-26 08:00:06,0.0,22.6,57.3,,False,True,,manual,approved
RUL_FINAL,strawberry,F01,F01,C:\Users\admin\Desktop\Strawberry-RUL-prediction\data\02_processed\final\F01\2026-03-26_14-30-10_frame-27_F01.png,C:\Users\admin\Desktop\Strawberry-RUL-prediction\data\02_processed\assigned_26-03-2026\F01\frame-27_14-30-10_F01.png,2026-03-26 14:30:10,2026-03-26 08:00:06,0.0,23.0,60.0,,False,True,,manual,approved
RUL_FINAL,strawberry,F01,F01,C:\Users\admin\Desktop\Strawberry-RUL-prediction\data\02_processed\final\F01\2026-03-26_14-45-10_frame-28_F01.png,C:\Users\admin\Desktop\Strawberry-RUL-prediction\data\02_processed\assigned_26-03-2026\F01\frame-28_14-45-10_F01.png,2026-03-26 14:45:10,2026-03-26 08:00:06,0.0,22.8,57.5,,False,True,,manual,approved
RUL_FINAL,strawberry,F01,F01,C:\Users\admin\Desktop\Strawberry-RUL-prediction\data\02_processed\final\F01\2026-03-26_15-00-10_frame-29_F01.png,C:\Users\admin\Desktop\Strawberry-RUL-prediction\data\02_processed\assigned_26-03-2026\F01\frame-29_15-00-10_F01.png,2026-03-26 15:00:10,2026-03-26 08:00:06,0.0,22.7,62.4,,False,True,,manual,approved
RUL_FINAL,strawberry,F01,F01,C:\Users\admin\Desktop\Strawberry-RUL-prediction\data\02_processed\final\F01\2026-03-26_15-15-10_frame-30_F01.png,C:\Users\admin\Desktop\Strawberry-RUL-prediction\data\02_processed\assigned_26-03-2026\F01\frame-30_15-15-10_F01.png,2026-03-26 15:15:10,2026-03-26 08:00:06,0.0,21.5,61.7,,False,True,,manual,approved
RUL_FINAL,strawberry,F01,F01,C:\Users\admin\Desktop\Strawberry-RUL-prediction\data\02_processed\final\F01\2026-03-26_15-30-10_frame-31_F01.png,C:\Users\admin\Desktop\Strawberry-RUL-prediction\data\02_processed\assigned_26-03-2026\F01\frame-31_15-30-10_F01.png,2026-03-26 15:30:10,2026-03-26 08:00:06,0.0,22.3,59.0,,False,True,,manual,approved
RUL_FINAL,strawberry,F01,F01,C:\Users\admin\Desktop\Strawberry-RUL-prediction\data\02_processed\final\F01\2026-03-26_15-45-10_frame-32_F01.png,C:\Users\admin\Desktop\Strawberry-RUL-prediction\data\02_processed\assigned_26-03-2026\F01\frame-32_15-45-10_F01.png,2026-03-26 15:45:10,2026-03-26 08:00:06,0.0,21.5,64.1,,False,True,,manual,approved
RUL_FINAL,strawberry,F01,F01,C:\Users\admin\Desktop\Strawberry-RUL-prediction\data\02_processed\final\F01\2026-03-26_16-00-10_frame-33_F01.png,C:\Users\admin\Desktop\Strawberry-RUL-prediction\data\02_processed\assigned_26-03-2026\F01\frame-33_16-00-10_F01.png,2026-03-26 16:00:10,2026-03-26 08:00:06,0.0,21.5,56.2,,False,True,,manual,approved
RUL_FINAL,strawberry,F01,F01,C:\Users\admin\Desktop\Strawberry-RUL-prediction\data\02_processed\final\F01\2026-03-26_16-15-10_frame-34_F01.png,C:\Users\admin\Desktop\Strawberry-RUL-prediction\data\02_processed\assigned_26-03-2026\F01\frame-34_16-15-10_F01.png,2026-03-26 16:15:10,2026-03-26 08:00:06,0.0,22.6,64.6,,False,True,,manual,approved
RUL_FINAL,strawberry,F01,F01,C:\Users\admin\Desktop\Strawberry-RUL-prediction\data\02_processed\final\F01\2026-03-26_16-30-10_frame-35_F01.png,C:\Users\admin\Desktop\Strawberry-RUL-prediction\data\02_processed\assigned_26-03-2026\F01\frame-35_16-30-10_F01.png,2026-03-26 16:30:10,2026-03-26 08:00:06,0.0,22.2,61.3,,False,True,,manual,approved
RUL_FINAL,strawberry,F01,F01,C:\Users\admin\Desktop\Strawberry-RUL-prediction\data\02_processed\final\F01\2026-03-26_16-45-11_frame-36_F01.png,C:\Users\admin\Desktop\Strawberry-RUL-prediction\data\02_processed\assigned_26-03-2026\F01\frame-36_16-45-11_F01.png,2026-03-26 16:45:11,2026-03-26 08:00:06,0.0,22.8,63.7,,False,True,,manual,approved
RUL_FINAL,strawberry,F01,F01,C:\Users\admin\Desktop\Strawberry-RUL-prediction\data\02_processed\final\F01\2026-03-26_17-00-11_frame-37_F01.png,C:\Users\admin\Desktop\Strawberry-RUL-prediction\data\02_processed\assigned_26-03-2026\F01\frame-37_17-00-11_F01.png,2026-03-26 17:00:11,2026-03-26 08:00:06,0.0,22.2,58.5,,False,True,,manual,approved
RUL_FINAL,strawberry,F01,F01,C:\Users\admin\Desktop\Strawberry-RUL-prediction\data\02_processed\final\F01\2026-03-26_17-15-11_frame-38_F01.png,C:\Users\admin\Desktop\Strawberry-RUL-prediction\data\02_processed\assigned_26-03-2026\F01\frame-38_17-15-11_F01.png,2026-03-26 17:15:11,2026-03-26 08:00:06,0.0,21.8,64.9,,False,True,,manual,approved
RUL_FINAL,strawberry,F01,F01,C:\Users\admin\Desktop\Strawberry-RUL-prediction\data\02_processed\final\F01\2026-03-26_17-30-11_frame-39_F01.png,C:\Users\admin\Desktop\Strawberry-RUL-prediction\data\02_processed\assigned_26-03-2026\F01\frame-39_17-30-11_F01.png,2026-03-26 17:30:11,2026-03-26 08:00:06,0.0,22.1,57.3,,False,True,,manual,approved
RUL_FINAL,strawberry,F01,F01,C:\Users\admin\Desktop\Strawberry-RUL-prediction\data\02_processed\final\F01\2026-03-26_17-45-11_frame-40_F01.png,C:\Users\admin\Desktop\Strawberry-RUL-prediction\data\02_processed\assigned_26-03-2026\F01\frame-40_17-45-11_F01.png,2026-03-26 17:45:11,2026-03-26 08:00:06,0.0,21.3,59.5,,False,True,,manual,approved
RUL_FINAL,strawberry,F01,F01,C:\Users\admin\Desktop\Strawberry-RUL-prediction\data\02_processed\final\F01\2026-03-26_18-00-11_frame-41_F01.png,C:\Users\admin\Desktop\Strawberry-RUL-prediction\data\02_processed\assigned_26-03-2026\F01\frame-41_18-00-11_F01.png,2026-03-26 18:00:11,2026-03-26 08:00:06,0.0,21.8,57.8,,False,True,,manual,approved
RUL_FINAL,strawberry,F01,F01,C:\Users\admin\Desktop\Strawberry-RUL-prediction\data\02_processed\final\F01\2026-03-26_18-15-11_frame-42_F01.png,C:\Users\admin\Desktop\Strawberry-RUL-prediction\data\02_processed\assigned_26-03-2026\F01\frame-42_18-15-11_F01.png,2026-03-26 18:15:11,2026-03-26 08:00:06,0.0,22.7,60.8,,False,True,,manual,approved
RUL_FINAL,strawberry,F01,F01,C:\Users\admin\Desktop\Strawberry-RUL-prediction\data\02_processed\final\F01\2026-03-26_18-30-12_frame-43_F01.png,C:\Users\admin\Desktop\Strawberry-RUL-prediction\data\02_processed\assigned_26-03-2026\F01\frame-43_18-30-12_F01.png,2026-03-26 18:30:12,2026-03-26 08:00:06,0.0,21.2,61.9,,False,True,,manual,approved
RUL_FINAL,strawberry,F01,F01,C:\Users\admin\Desktop\Strawberry-RUL-prediction\data\02_processed\final\F01\2026-03-26_18-45-12_frame-44_F01.png,C:\Users\admin\Desktop\Strawberry-RUL-prediction\data\02_processed\assigned_26-03-2026\F01\frame-44_18-45-12_F01.png,2026-03-26 18:45:12,2026-03-26 08:00:06,0.0,22.3,59.9,,False,True,,manual,approved
RUL_FINAL,strawberry,F01,F01,C:\Users\admin\Desktop\Strawberry-RUL-prediction\data\02_processed\final\F01\2026-03-26_19-00-12_frame-45_F01.png,C:\Users\admin\Desktop\Strawberry-RUL-prediction\data\02_processed\assigned_26-03-2026\F01\frame-45_19-00-12_F01.png,2026-03-26 19:00:12,2026-03-26 08:00:06,0.0,22.0,59.6,,False,True,,manual,approved
RUL_FINAL,strawberry,F01,F01,C:\Users\admin\Desktop\Strawberry-RUL-prediction\data\02_processed\final\F01\2026-03-26_19-15-12_frame-46_F01.png,C:\Users\admin\Desktop\Strawberry-RUL-prediction\data\02_processed\assigned_26-03-2026\F01\frame-46_19-15-12_F01.png,2026-03-26 19:15:12,2026-03-26 08:00:06,0.0,21.4,64.6,,False,True,,manual,approved
RUL_FINAL,strawberry,F01,F01,C:\Users\admin\Desktop\Strawberry-RUL-prediction\data\02_processed\final\F01\2026-03-27_08-00-06_frame-1_F01.png,C:\Users\admin\Desktop\Strawberry-RUL-prediction\data\02_processed\assigned_27-03-2026\F01\frame-1_08-00-06_F01.png,2026-03-27 08:00:06,2026-03-26 08:00:06,0.0,21.2,55.5,,False,True,,manual,approved
RUL_FINAL,strawberry,F01,F01,C:\Users\admin\Desktop\Strawberry-RUL-prediction\data\02_processed\final\F01\2026-03-27_08-15-06_frame-2_F01.png,C:\Users\admin\Desktop\Strawberry-RUL-prediction\data\02_processed\assigned_27-03-2026\F01\frame-2_08-15-06_F01.png,2026-03-27 08:15:06,2026-03-26 08:00:06,0.0,21.7,61.9,,False,True,,manual,approved
RUL_FINAL,strawberry,F01,F01,C:\Users\admin\Desktop\Strawberry-RUL-prediction\data\02_processed\final\F01\2026-03-27_08-30-06_frame-3_F01.png,C:\Users\admin\Desktop\Strawberry-RUL-prediction\data\02_processed\assigned_27-03-2026\F01\frame-3_08-30-06_F01.png,2026-03-27 08:30:06,2026-03-26 08:00:06,0.0,21.1,58.4,,False,True,,manual,approved
RUL_FINAL,strawberry,F01,F01,C:\Users\admin\Desktop\Strawberry-RUL-prediction\data\02_processed\final\F01\2026-03-27_08-45-06_frame-4_F01.png,C:\Users\admin\Desktop\Strawberry-RUL-prediction\data\02_processed\assigned_27-03-2026\F01\frame-4_08-45-06_F01.png,2026-03-27 08:45:06,2026-03-26 08:00:06,0.0,21.0,57.9,,False,True,,manual,approved
RUL_FINAL,strawberry,F01,F01,C:\Users\admin\Desktop\Strawberry-RUL-prediction\data\02_processed\final\F01\2026-03-27_09-00-06_frame-5_F01.png,C:\Users\admin\Desktop\Strawberry-RUL-prediction\data\02_processed\assigned_27-03-2026\F01\frame-5_09-00-06_F01.png,2026-03-27 09:00:06,2026-03-26 08:00:06,0.0,21.2,60.0,,False,True,,manual,approved
RUL_FINAL,strawberry,F01,F01,C:\Users\admin\Desktop\Strawberry-RUL-prediction\data\02_processed\final\F01\2026-03-27_09-15-06_frame-6_F01.png,C:\Users\admin\Desktop\Strawberry-RUL-prediction\data\02_processed\assigned_27-03-2026\F01\frame-6_09-15-06_F01.png,2026-03-27 09:15:06,2026-03-26 08:00:06,0.0,21.1,56.5,,False,True,,manual,approved
RUL_FINAL,strawberry,F01,F01,C:\Users\admin\Desktop\Strawberry-RUL-prediction\data\02_processed\final\F01\2026-03-27_09-30-07_frame-7_F01.png,C:\Users\admin\Desktop\Strawberry-RUL-prediction\data\02_processed\assigned_27-03-2026\F01\frame-7_09-30-07_F01.png,2026-03-27 09:30:07,2026-03-26 08:00:06,0.0,22.2,65.0,,False,True,,manual,approved
RUL_FINAL,strawberry,F01,F01,C:\Users\admin\Desktop\Strawberry-RUL-prediction\data\02_processed\final\F01\2026-03-27_09-45-07_frame-8_F01.png,C:\Users\admin\Desktop\Strawberry-RUL-prediction\data\02_processed\assigned_27-03-2026\F01\frame-8_09-45-07_F01.png,2026-03-27 09:45:07,2026-03-26 08:00:06,0.0,22.1,64.7,,False,True,,manual,approved
RUL_FINAL,strawberry,F01,F01,C:\Users\admin\Desktop\Strawberry-RUL-prediction\data\02_processed\final\F01\2026-03-27_10-00-07_frame-9_F01.png,C:\Users\admin\Desktop\Strawberry-RUL-prediction\data\02_processed\assigned_27-03-2026\F01\frame-9_10-00-07_F01.png,2026-03-27 10:00:07,2026-03-26 08:00:06,0.0,22.7,60.0,,False,True,,manual,approved
RUL_FINAL,strawberry,F01,F01,C:\Users\admin\Desktop\Strawberry-RUL-prediction\data\02_processed\final\F01\2026-03-27_10-15-07_frame-10_F01.png,C:\Users\admin\Desktop\Strawberry-RUL-prediction\data\02_processed\assigned_27-03-2026\F01\frame-10_10-15-07_F01.png,2026-03-27 10:15:07,2026-03-26 08:00:06,0.0,22.0,57.4,,False,True,,manual,approved
RUL_FINAL,strawberry,F01,F01,C:\Users\admin\Desktop\Strawberry-RUL-prediction\data\02_processed\final\F01\2026-03-27_10-30-07_frame-11_F01.png,C:\Users\admin\Desktop\Strawberry-RUL-prediction\data\02_processed\assigned_27-03-2026\F01\frame-11_10-30-07_F01.png,2026-03-27 10:30:07,2026-03-26 08:00:06,0.0,22.7,56.7,,False,True,,manual,approved
RUL_FINAL,strawberry,F01,F01,C:\Users\admin\Desktop\Strawberry-RUL-prediction\data\02_processed\final\F01\2026-03-27_10-45-07_frame-12_F01.png,C:\Users\admin\Desktop\Strawberry-RUL-prediction\data\02_processed\assigned_27-03-2026\F01\frame-12_10-45-07_F01.png,2026-03-27 10:45:07,2026-03-26 08:00:06,0.0,22.3,55.3,,False,True,,manual,approved
RUL_FINAL,strawberry,F01,F01,C:\Users\admin\Desktop\Strawberry-RUL-prediction\data\02_processed\final\F01\2026-03-27_11-00-07_frame-13_F01.png,C:\Users\admin\Desktop\Strawberry-RUL-prediction\data\02_processed\assigned_27-03-2026\F01\frame-13_11-00-07_F01.png,2026-03-27 11:00:07,2026-03-26 08:00:06,0.0,22.7,55.9,,False,True,,manual,approved
RUL_FINAL,strawberry,F01,F01,C:\Users\admin\Desktop\Strawberry-RUL-prediction\data\02_processed\final\F01\2026-03-27_11-15-07_frame-14_F01.png,C:\Users\admin\Desktop\Strawberry-RUL-prediction\data\02_processed\assigned_27-03-2026\F01\frame-14_11-15-07_F01.png,2026-03-27 11:15:07,2026-03-26 08:00:06,0.0,21.7,60.9,,False,True,,manual,approved
RUL_FINAL,strawberry,F01,F01,C:\Users\admin\Desktop\Strawberry-RUL-prediction\data\02_processed\final\F01\2026-03-27_11-30-08_frame-15_F01.png,C:\Users\admin\Desktop\Strawberry-RUL-prediction\data\02_processed\assigned_27-03-2026\F01\frame-15_11-30-08_F01.png,2026-03-27 11:30:08,2026-03-26 08:00:06,0.0,22.8,63.8,,False,True,,manual,approved
RUL_FINAL,strawberry,F01,F01,C:\Users\admin\Desktop\Strawberry-RUL-prediction\data\02_processed\final\F01\2026-03-27_11-45-08_frame-16_F01.png,C:\Users\admin\Desktop\Strawberry-RUL-prediction\data\02_processed\assigned_27-03-2026\F01\frame-16_11-45-08_F01.png,2026-03-27 11:45:08,2026-03-26 08:00:06,0.0,22.1,59.5,,False,True,,manual,approved
RUL_FINAL,strawberry,F01,F01,C:\Users\admin\Desktop\Strawberry-RUL-prediction\data\02_processed\final\F01\2026-03-27_12-00-08_frame-17_F01.png,C:\Users\admin\Desktop\Strawberry-RUL-prediction\data\02_processed\assigned_27-03-2026\F01\frame-17_12-00-08_F01.png,2026-03-27 12:00:08,2026-03-26 08:00:06,0.0,22.6,58.0,,False,True,,manual,approved
RUL_FINAL,strawberry,F01,F01,C:\Users\admin\Desktop\Strawberry-RUL-prediction\data\02_processed\final\F01\2026-03-27_12-15-08_frame-18_F01.png,C:\Users\admin\Desktop\Strawberry-RUL-prediction\data\02_processed\assigned_27-03-2026\F01\frame-18_12-15-08_F01.png,2026-03-27 12:15:08,2026-03-26 08:00:06,0.0,21.7,61.8,,False,True,,manual,approved
RUL_FINAL,strawberry,F01,F01,C:\Users\admin\Desktop\Strawberry-RUL-prediction\data\02_processed\final\F01\2026-03-27_12-30-08_frame-19_F01.png,C:\Users\admin\Desktop\Strawberry-RUL-prediction\data\02_processed\assigned_27-03-2026\F01\frame-19_12-30-08_F01.png,2026-03-27 12:30:08,2026-03-26 08:00:06,0.0,22.2,55.3,,False,True,,manual,approved
RUL_FINAL,strawberry,F01,F01,C:\Users\admin\Desktop\Strawberry-RUL-prediction\data\02_processed\final\F01\2026-03-27_12-45-08_frame-20_F01.png,C:\Users\admin\Desktop\Strawberry-RUL-prediction\data\02_processed\assigned_27-03-2026\F01\frame-20_12-45-08_F01.png,2026-03-27 12:45:08,2026-03-26 08:00:06,0.0,21.3,57.0,,False,True,,manual,approved
RUL_FINAL,strawberry,F01,F01,C:\Users\admin\Desktop\Strawberry-RUL-prediction\data\02_processed\final\F01\2026-03-27_13-00-08_frame-21_F01.png,C:\Users\admin\Desktop\Strawberry-RUL-prediction\data\02_processed\assigned_27-03-2026\F01\frame-21_13-00-08_F01.png,2026-03-27 13:00:08,2026-03-26 08:00:06,0.0,23.0,61.6,,False,True,,manual,approved
RUL_FINAL,strawberry,F01,F01,C:\Users\admin\Desktop\Strawberry-RUL-prediction\data\02_processed\final\F01\2026-03-27_13-15-08_frame-22_F01.png,C:\Users\admin\Desktop\Strawberry-RUL-prediction\data\02_processed\assigned_27-03-2026\F01\frame-22_13-15-08_F01.png,2026-03-27 13:15:08,2026-03-26 08:00:06,0.0,21.1,61.3,,False,True,,manual,approved
RUL_FINAL,strawberry,F01,F01,C:\Users\admin\Desktop\Strawberry-RUL-prediction\data\02_processed\final\F01\2026-03-27_13-30-08_frame-23_F01.png,C:\Users\admin\Desktop\Strawberry-RUL-prediction\data\02_processed\assigned_27-03-2026\F01\frame-23_13-30-08_F01.png,2026-03-27 13:30:08,2026-03-26 08:00:06,0.0,22.1,64.1,,False,True,,manual,approved
RUL_FINAL,strawberry,F01,F01,C:\Users\admin\Desktop\Strawberry-RUL-prediction\data\02_processed\final\F01\2026-03-27_13-45-08_frame-24_F01.png,C:\Users\admin\Desktop\Strawberry-RUL-prediction\data\02_processed\assigned_27-03-2026\F01\frame-24_13-45-08_F01.png,2026-03-27 13:45:08,2026-03-26 08:00:06,0.0,21.2,61.3,,False,True,,manual,approved
RUL_FINAL,strawberry,F01,F01,C:\Users\admin\Desktop\Strawberry-RUL-prediction\data\02_processed\final\F01\2026-03-27_14-00-09_frame-25_F01.png,C:\Users\admin\Desktop\Strawberry-RUL-prediction\data\02_processed\assigned_27-03-2026\F01\frame-25_14-00-09_F01.png,2026-03-27 14:00:09,2026-03-26 08:00:06,0.0,21.5,63.1,,False,True,,manual,approved
RUL_FINAL,strawberry,F01,F01,C:\Users\admin\Desktop\Strawberry-RUL-prediction\data\02_processed\final\F01\2026-03-27_14-15-09_frame-26_F01.png,C:\Users\admin\Desktop\Strawberry-RUL-prediction\data\02_processed\assigned_27-03-2026\F01\frame-26_14-15-09_F01.png,2026-03-27 14:15:09,2026-03-26 08:00:06,0.0,21.9,58.1,,False,True,,manual,approved
RUL_FINAL,strawberry,F01,F01,C:\Users\admin\Desktop\Strawberry-RUL-prediction\data\02_processed\final\F01\2026-03-27_14-30-09_frame-27_F01.png,C:\Users\admin\Desktop\Strawberry-RUL-prediction\data\02_processed\assigned_27-03-2026\F01\frame-27_14-30-09_F01.png,2026-03-27 14:30:09,2026-03-26 08:00:06,0.0,22.3,62.4,,False,True,,manual,approved
RUL_FINAL,strawberry,F01,F01,C:\Users\admin\Desktop\Strawberry-RUL-prediction\data\02_processed\final\F01\2026-03-27_14-45-09_frame-28_F01.png,C:\Users\admin\Desktop\Strawberry-RUL-prediction\data\02_processed\assigned_27-03-2026\F01\frame-28_14-45-09_F01.png,2026-03-27 14:45:09,2026-03-26 08:00:06,0.0,22.1,57.7,,False,True,,manual,approved
RUL_FINAL,strawberry,F01,F01,C:\Users\admin\Desktop\Strawberry-RUL-prediction\data\02_processed\final\F01\2026-03-27_15-00-09_frame-29_F01.png,C:\Users\admin\Desktop\Strawberry-RUL-prediction\data\02_processed\assigned_27-03-2026\F01\frame-29_15-00-09_F01.png,2026-03-27 15:00:09,2026-03-26 08:00:06,0.0,21.0,63.0,,False,True,,manual,approved
RUL_FINAL,strawberry,F01,F01,C:\Users\admin\Desktop\Strawberry-RUL-prediction\data\02_processed\final\F01\2026-03-27_15-15-09_frame-30_F01.png,C:\Users\admin\Desktop\Strawberry-RUL-prediction\data\02_processed\assigned_27-03-2026\F01\frame-30_15-15-09_F01.png,2026-03-27 15:15:09,2026-03-26 08:00:06,0.0,21.8,60.5,,False,True,,manual,approved
RUL_FINAL,strawberry,F01,F01,C:\Users\admin\Desktop\Strawberry-RUL-prediction\data\02_processed\final\F01\2026-03-27_15-30-09_frame-31_F01.png,C:\Users\admin\Desktop\Strawberry-RUL-prediction\data\02_processed\assigned_27-03-2026\F01\frame-31_15-30-09_F01.png,2026-03-27 15:30:09,2026-03-26 08:00:06,0.0,21.9,58.2,,False,True,,manual,approved
RUL_FINAL,strawberry,F01,F01,C:\Users\admin\Desktop\Strawberry-RUL-prediction\data\02_processed\final\F01\2026-03-27_15-45-09_frame-32_F01.png,C:\Users\admin\Desktop\Strawberry-RUL-prediction\data\02_processed\assigned_27-03-2026\F01\frame-32_15-45-09_F01.png,2026-03-27 15:45:09,2026-03-26 08:00:06,0.0,22.4,55.6,,False,True,,manual,approved
RUL_FINAL,strawberry,F01,F01,C:\Users\admin\Desktop\Strawberry-RUL-prediction\data\02_processed\final\F01\2026-03-27_16-00-10_frame-33_F01.png,C:\Users\admin\Desktop\Strawberry-RUL-prediction\data\02_processed\assigned_27-03-2026\F01\frame-33_16-00-10_F01.png,2026-03-27 16:00:10,2026-03-26 08:00:06,0.0,22.5,56.5,,False,True,,manual,approved
RUL_FINAL,strawberry,F01,F01,C:\Users\admin\Desktop\Strawberry-RUL-prediction\data\02_processed\final\F01\2026-03-27_16-15-10_frame-34_F01.png,C:\Users\admin\Desktop\Strawberry-RUL-prediction\data\02_processed\assigned_27-03-2026\F01\frame-34_16-15-10_F01.png,2026-03-27 16:15:10,2026-03-26 08:00:06,0.0,22.5,55.9,,False,True,,manual,approved
RUL_FINAL,strawberry,F01,F01,C:\Users\admin\Desktop\Strawberry-RUL-prediction\data\02_processed\final\F01\2026-03-27_16-30-10_frame-35_F01.png,C:\Users\admin\Desktop\Strawberry-RUL-prediction\data\02_processed\assigned_27-03-2026\F01\frame-35_16-30-10_F01.png,2026-03-27 16:30:10,2026-03-26 08:00:06,0.0,21.6,55.6,,False,True,,manual,approved
RUL_FINAL,strawberry,F01,F01,C:\Users\admin\Desktop\Strawberry-RUL-prediction\data\02_processed\final\F01\2026-03-27_16-45-10_frame-36_F01.png,C:\Users\admin\Desktop\Strawberry-RUL-prediction\data\02_processed\assigned_27-03-2026\F01\frame-36_16-45-10_F01.png,2026-03-27 16:45:10,2026-03-26 08:00:06,0.0,21.9,59.1,,False,True,,manual,approved
RUL_FINAL,strawberry,F01,F01,C:\Users\admin\Desktop\Strawberry-RUL-prediction\data\02_processed\final\F01\2026-03-27_17-00-10_frame-37_F01.png,C:\Users\admin\Desktop\Strawberry-RUL-prediction\data\02_processed\assigned_27-03-2026\F01\frame-37_17-00-10_F01.png,2026-03-27 17:00:10,2026-03-26 08:00:06,0.0,21.4,56.3,,False,True,,manual,approved
RUL_FINAL,strawberry,F01,F01,C:\Users\admin\Desktop\Strawberry-RUL-prediction\data\02_processed\final\F01\2026-03-27_17-15-10_frame-38_F01.png,C:\Users\admin\Desktop\Strawberry-RUL-prediction\data\02_processed\assigned_27-03-2026\F01\frame-38_17-15-10_F01.png,2026-03-27 17:15:10,2026-03-26 08:00:06,0.0,22.6,59.8,,False,True,,manual,approved
RUL_FINAL,strawberry,F01,F01,C:\Users\admin\Desktop\Strawberry-RUL-prediction\data\02_processed\final\F01\2026-03-27_17-30-10_frame-39_F01.png,C:\Users\admin\Desktop\Strawberry-RUL-prediction\data\02_processed\assigned_27-03-2026\F01\frame-39_17-30-10_F01.png,2026-03-27 17:30:10,2026-03-26 08:00:06,0.0,22.3,56.6,,False,True,,manual,approved
RUL_FINAL,strawberry,F01,F01,C:\Users\admin\Desktop\Strawberry-RUL-prediction\data\02_processed\final\F01\2026-03-27_17-45-11_frame-40_F01.png,C:\Users\admin\Desktop\Strawberry-RUL-prediction\data\02_processed\assigned_27-03-2026\F01\frame-40_17-45-11_F01.png,2026-03-27 17:45:11,2026-03-26 08:00:06,0.0,22.3,58.0,,False,True,,manual,approved
RUL_FINAL,strawberry,F01,F01,C:\Users\admin\Desktop\Strawberry-RUL-prediction\data\02_processed\final\F01\2026-03-27_18-00-11_frame-41_F01.png,C:\Users\admin\Desktop\Strawberry-RUL-prediction\data\02_processed\assigned_27-03-2026\F01\frame-41_18-00-11_F01.png,2026-03-27 18:00:11,2026-03-26 08:00:06,0.0,21.4,57.3,,False,True,,manual,approved
RUL_FINAL,strawberry,F01,F01,C:\Users\admin\Desktop\Strawberry-RUL-prediction\data\02_processed\final\F01\2026-03-27_18-15-11_frame-42_F01.png,C:\Users\admin\Desktop\Strawberry-RUL-prediction\data\02_processed\assigned_27-03-2026\F01\frame-42_18-15-11_F01.png,2026-03-27 18:15:11,2026-03-26 08:00:06,0.0,21.2,63.6,,False,True,,manual,approved
RUL_FINAL,strawberry,F01,F01,C:\Users\admin\Desktop\Strawberry-RUL-prediction\data\02_processed\final\F01\2026-03-27_18-30-11_frame-43_F01.png,C:\Users\admin\Desktop\Strawberry-RUL-prediction\data\02_processed\assigned_27-03-2026\F01\frame-43_18-30-11_F01.png,2026-03-27 18:30:11,2026-03-26 08:00:06,0.0,21.6,59.8,,False,True,,manual,approved
RUL_FINAL,strawberry,F01,F01,C:\Users\admin\Desktop\Strawberry-RUL-prediction\data\02_processed\final\F01\2026-03-27_18-45-11_frame-44_F01.png,C:\Users\admin\Desktop\Strawberry-RUL-prediction\data\02_processed\assigned_27-03-2026\F01\frame-44_18-45-11_F01.png,2026-03-27 18:45:11,2026-03-26 08:00:06,0.0,21.7,62.9,,False,True,,manual,approved
RUL_FINAL,strawberry,F01,F01,C:\Users\admin\Desktop\Strawberry-RUL-prediction\data\02_processed\final\F01\2026-03-27_19-00-11_frame-45_F01.png,C:\Users\admin\Desktop\Strawberry-RUL-prediction\data\02_processed\assigned_27-03-2026\F01\frame-45_19-00-11_F01.png,2026-03-27 19:00:11,2026-03-26 08:00:06,0.0,21.3,58.7,,False,True,,manual,approved
RUL_FINAL,strawberry,F01,F01,C:\Users\admin\Desktop\Strawberry-RUL-prediction\data\02_processed\final\F01\2026-03-27_19-15-11_frame-46_F01.png,C:\Users\admin\Desktop\Strawberry-RUL-prediction\data\02_processed\assigned_27-03-2026\F01\frame-46_19-15-11_F01.png,2026-03-27 19:15:11,2026-03-26 08:00:06,0.0,22.4,62.0,,False,True,,manual,approved
RUL_FINAL,strawberry,F01,F01,C:\Users\admin\Desktop\Strawberry-RUL-prediction\data\02_processed\final\F01\2026-03-27_19-30-11_frame-47_F01.png,C:\Users\admin\Desktop\Strawberry-RUL-prediction\data\02_processed\assigned_27-03-2026\F01\frame-47_19-30-11_F01.png,2026-03-27 19:30:11,2026-03-26 08:00:06,0.0,22.3,61.1,,False,True,,manual,approved
RUL_FINAL,strawberry,F01,F01,C:\Users\admin\Desktop\Strawberry-RUL-prediction\data\02_processed\final\F01\2026-03-28_08-00-06_frame-1_F01.png,C:\Users\admin\Desktop\Strawberry-RUL-prediction\data\02_processed\assigned_28-03-2026\F01\frame-1_08-00-06_F01.png,2026-03-28 08:00:06,2026-03-26 08:00:06,0.0,22.1,62.3,,False,True,,manual,approved
RUL_FINAL,strawberry,F01,F01,C:\Users\admin\Desktop\Strawberry-RUL-prediction\data\02_processed\final\F01\2026-03-28_08-15-07_frame-2_F01.png,C:\Users\admin\Desktop\Strawberry-RUL-prediction\data\02_processed\assigned_28-03-2026\F01\frame-2_08-15-07_F01.png,2026-03-28 08:15:07,2026-03-26 08:00:06,0.0,22.5,61.7,,False,True,,manual,approved
RUL_FINAL,strawberry,F01,F01,C:\Users\admin\Desktop\Strawberry-RUL-prediction\data\02_processed\final\F01\2026-03-28_08-30-07_frame-3_F01.png,C:\Users\admin\Desktop\Strawberry-RUL-prediction\data\02_processed\assigned_28-03-2026\F01\frame-3_08-30-07_F01.png,2026-03-28 08:30:07,2026-03-26 08:00:06,0.0,21.5,57.5,,False,True,,manual,approved
RUL_FINAL,strawberry,F01,F01,C:\Users\admin\Desktop\Strawberry-RUL-prediction\data\02_processed\final\F01\2026-03-28_08-45-07_frame-4_F01.png,C:\Users\admin\Desktop\Strawberry-RUL-prediction\data\02_processed\assigned_28-03-2026\F01\frame-4_08-45-07_F01.png,2026-03-28 08:45:07,2026-03-26 08:00:06,0.0,22.5,64.7,,False,True,,manual,approved
RUL_FINAL,strawberry,F01,F01,C:\Users\admin\Desktop\Strawberry-RUL-prediction\data\02_processed\final\F01\2026-03-28_09-00-07_frame-5_F01.png,C:\Users\admin\Desktop\Strawberry-RUL-prediction\data\02_processed\assigned_28-03-2026\F01\frame-5_09-00-07_F01.png,2026-03-28 09:00:07,2026-03-26 08:00:06,0.0,21.9,60.8,,False,True,,manual,approved
RUL_FINAL,strawberry,F01,F01,C:\Users\admin\Desktop\Strawberry-RUL-prediction\data\02_processed\final\F01\2026-03-28_09-15-07_frame-6_F01.png,C:\Users\admin\Desktop\Strawberry-RUL-prediction\data\02_processed\assigned_28-03-2026\F01\frame-6_09-15-07_F01.png,2026-03-28 09:15:07,2026-03-26 08:00:06,0.0,21.2,57.8,,False,True,,manual,approved
RUL_FINAL,strawberry,F01,F01,C:\Users\admin\Desktop\Strawberry-RUL-prediction\data\02_processed\final\F01\2026-03-28_09-30-07_frame-7_F01.png,C:\Users\admin\Desktop\Strawberry-RUL-prediction\data\02_processed\assigned_28-03-2026\F01\frame-7_09-30-07_F01.png,2026-03-28 09:30:07,2026-03-26 08:00:06,0.0,21.7,56.5,,False,True,,manual,approved
RUL_FINAL,strawberry,F01,F01,C:\Users\admin\Desktop\Strawberry-RUL-prediction\data\02_processed\final\F01\2026-03-28_09-45-07_frame-8_F01.png,C:\Users\admin\Desktop\Strawberry-RUL-prediction\data\02_processed\assigned_28-03-2026\F01\frame-8_09-45-07_F01.png,2026-03-28 09:45:07,2026-03-26 08:00:06,0.0,21.1,61.3,,False,True,,manual,approved
RUL_FINAL,strawberry,F01,F01,C:\Users\admin\Desktop\Strawberry-RUL-prediction\data\02_processed\final\F01\2026-03-28_10-00-08_frame-9_F01.png,C:\Users\admin\Desktop\Strawberry-RUL-prediction\data\02_processed\assigned_28-03-2026\F01\frame-9_10-00-08_F01.png,2026-03-28 10:00:08,2026-03-26 08:00:06,0.0,21.9,64.0,,False,True,,manual,approved
RUL_FINAL,strawberry,F01,F01,C:\Users\admin\Desktop\Strawberry-RUL-prediction\data\02_processed\final\F01\2026-03-28_10-15-08_frame-10_F01.png,C:\Users\admin\Desktop\Strawberry-RUL-prediction\data\02_processed\assigned_28-03-2026\F01\frame-10_10-15-08_F01.png,2026-03-28 10:15:08,2026-03-26 08:00:06,0.0,22.1,63.1,,False,True,,manual,approved
RUL_FINAL,strawberry,F01,F01,C:\Users\admin\Desktop\Strawberry-RUL-prediction\data\02_processed\final\F01\2026-03-28_10-30-08_frame-11_F01.png,C:\Users\admin\Desktop\Strawberry-RUL-prediction\data\02_processed\assigned_28-03-2026\F01\frame-11_10-30-08_F01.png,2026-03-28 10:30:08,2026-03-26 08:00:06,0.0,21.8,61.2,,False,True,,manual,approved
RUL_FINAL,strawberry,F01,F01,C:\Users\admin\Desktop\Strawberry-RUL-prediction\data\02_processed\final\F01\2026-03-28_10-45-08_frame-12_F01.png,C:\Users\admin\Desktop\Strawberry-RUL-prediction\data\02_processed\assigned_28-03-2026\F01\frame-12_10-45-08_F01.png,2026-03-28 10:45:08,2026-03-26 08:00:06,0.0,22.5,62.1,,False,True,,manual,approved
RUL_FINAL,strawberry,F01,F01,C:\Users\admin\Desktop\Strawberry-RUL-prediction\data\02_processed\final\F01\2026-03-28_11-00-08_frame-13_F01.png,C:\Users\admin\Desktop\Strawberry-RUL-prediction\data\02_processed\assigned_28-03-2026\F01\frame-13_11-00-08_F01.png,2026-03-28 11:00:08,2026-03-26 08:00:06,0.0,21.9,59.2,,False,True,,manual,approved
RUL_FINAL,strawberry,F01,F01,C:\Users\admin\Desktop\Strawberry-RUL-prediction\data\02_processed\final\F01\2026-03-28_11-15-08_frame-14_F01.png,C:\Users\admin\Desktop\Strawberry-RUL-prediction\data\02_processed\assigned_28-03-2026\F01\frame-14_11-15-08_F01.png,2026-03-28 11:15:08,2026-03-26 08:00:06,0.0,22.6,57.4,,False,True,,manual,approved
RUL_FINAL,strawberry,F01,F01,C:\Users\admin\Desktop\Strawberry-RUL-prediction\data\02_processed\final\F01\2026-03-28_11-30-08_frame-15_F01.png,C:\Users\admin\Desktop\Strawberry-RUL-prediction\data\02_processed\assigned_28-03-2026\F01\frame-15_11-30-08_F01.png,2026-03-28 11:30:08,2026-03-26 08:00:06,0.0,23.0,64.1,,False,True,,manual,approved
RUL_FINAL,strawberry,F01,F01,C:\Users\admin\Desktop\Strawberry-RUL-prediction\data\02_processed\final\F01\2026-03-28_11-45-08_frame-16_F01.png,C:\Users\admin\Desktop\Strawberry-RUL-prediction\data\02_processed\assigned_28-03-2026\F01\frame-16_11-45-08_F01.png,2026-03-28 11:45:08,2026-03-26 08:00:06,0.0,23.0,61.5,,False,True,,manual,approved
RUL_FINAL,strawberry,F01,F01,C:\Users\admin\Desktop\Strawberry-RUL-prediction\data\02_processed\final\F01\2026-03-28_12-00-09_frame-17_F01.png,C:\Users\admin\Desktop\Strawberry-RUL-prediction\data\02_processed\assigned_28-03-2026\F01\frame-17_12-00-09_F01.png,2026-03-28 12:00:09,2026-03-26 08:00:06,0.0,22.1,64.8,,False,True,,manual,approved
RUL_FINAL,strawberry,F01,F01,C:\Users\admin\Desktop\Strawberry-RUL-prediction\data\02_processed\final\F01\2026-03-28_12-15-09_frame-18_F01.png,C:\Users\admin\Desktop\Strawberry-RUL-prediction\data\02_processed\assigned_28-03-2026\F01\frame-18_12-15-09_F01.png,2026-03-28 12:15:09,2026-03-26 08:00:06,0.0,21.8,59.7,,False,True,,manual,approved
RUL_FINAL,strawberry,F01,F01,C:\Users\admin\Desktop\Strawberry-RUL-prediction\data\02_processed\final\F01\2026-03-28_12-30-09_frame-19_F01.png,C:\Users\admin\Desktop\Strawberry-RUL-prediction\data\02_processed\assigned_28-03-2026\F01\frame-19_12-30-09_F01.png,2026-03-28 12:30:09,2026-03-26 08:00:06,0.0,23.0,56.0,,False,True,,manual,approved
RUL_FINAL,strawberry,F01,F01,C:\Users\admin\Desktop\Strawberry-RUL-prediction\data\02_processed\final\F01\2026-03-28_12-45-09_frame-20_F01.png,C:\Users\admin\Desktop\Strawberry-RUL-prediction\data\02_processed\assigned_28-03-2026\F01\frame-20_12-45-09_F01.png,2026-03-28 12:45:09,2026-03-26 08:00:06,0.0,21.2,57.3,,False,True,,manual,approved
RUL_FINAL,strawberry,F01,F01,C:\Users\admin\Desktop\Strawberry-RUL-prediction\data\02_processed\final\F01\2026-03-28_13-00-09_frame-21_F01.png,C:\Users\admin\Desktop\Strawberry-RUL-prediction\data\02_processed\assigned_28-03-2026\F01\frame-21_13-00-09_F01.png,2026-03-28 13:00:09,2026-03-26 08:00:06,0.0,22.1,64.2,,False,True,,manual,approved
RUL_FINAL,strawberry,F01,F01,C:\Users\admin\Desktop\Strawberry-RUL-prediction\data\02_processed\final\F01\2026-03-28_13-15-09_frame-22_F01.png,C:\Users\admin\Desktop\Strawberry-RUL-prediction\data\02_processed\assigned_28-03-2026\F01\frame-22_13-15-09_F01.png,2026-03-28 13:15:09,2026-03-26 08:00:06,0.0,22.6,63.6,,False,True,,manual,approved
RUL_FINAL,strawberry,F01,F01,C:\Users\admin\Desktop\Strawberry-RUL-prediction\data\02_processed\final\F01\2026-03-28_13-30-09_frame-23_F01.png,C:\Users\admin\Desktop\Strawberry-RUL-prediction\data\02_processed\assigned_28-03-2026\F01\frame-23_13-30-09_F01.png,2026-03-28 13:30:09,2026-03-26 08:00:06,0.0,21.3,58.0,,False,True,,manual,approved
RUL_FINAL,strawberry,F01,F01,C:\Users\admin\Desktop\Strawberry-RUL-prediction\data\02_processed\final\F01\2026-03-28_13-45-09_frame-24_F01.png,C:\Users\admin\Desktop\Strawberry-RUL-prediction\data\02_processed\assigned_28-03-2026\F01\frame-24_13-45-09_F01.png,2026-03-28 13:45:09,2026-03-26 08:00:06,0.0,22.6,61.5,,False,True,,manual,approved
RUL_FINAL,strawberry,F01,F01,C:\Users\admin\Desktop\Strawberry-RUL-prediction\data\02_processed\final\F01\2026-03-28_14-00-09_frame-25_F01.png,C:\Users\admin\Desktop\Strawberry-RUL-prediction\data\02_processed\assigned_28-03-2026\F01\frame-25_14-00-09_F01.png,2026-03-28 14:00:09,2026-03-26 08:00:06,0.0,21.5,62.1,,False,True,,manual,approved
RUL_FINAL,strawberry,F01,F01,C:\Users\admin\Desktop\Strawberry-RUL-prediction\data\02_processed\final\F01\2026-03-28_14-15-10_frame-26_F01.png,C:\Users\admin\Desktop\Strawberry-RUL-prediction\data\02_processed\assigned_28-03-2026\F01\frame-26_14-15-10_F01.png,2026-03-28 14:15:10,2026-03-26 08:00:06,0.0,21.9,57.3,,False,True,,manual,approved
RUL_FINAL,strawberry,F01,F01,C:\Users\admin\Desktop\Strawberry-RUL-prediction\data\02_processed\final\F01\2026-03-28_14-30-10_frame-27_F01.png,C:\Users\admin\Desktop\Strawberry-RUL-prediction\data\02_processed\assigned_28-03-2026\F01\frame-27_14-30-10_F01.png,2026-03-28 14:30:10,2026-03-26 08:00:06,0.0,21.8,60.8,,False,True,,manual,approved
RUL_FINAL,strawberry,F01,F01,C:\Users\admin\Desktop\Strawberry-RUL-prediction\data\02_processed\final\F01\2026-03-28_14-45-10_frame-28_F01.png,C:\Users\admin\Desktop\Strawberry-RUL-prediction\data\02_processed\assigned_28-03-2026\F01\frame-28_14-45-10_F01.png,2026-03-28 14:45:10,2026-03-26 08:00:06,0.0,21.9,61.7,,False,True,,manual,approved
RUL_FINAL,strawberry,F01,F01,C:\Users\admin\Desktop\Strawberry-RUL-prediction\data\02_processed\final\F01\2026-03-28_15-00-10_frame-29_F01.png,C:\Users\admin\Desktop\Strawberry-RUL-prediction\data\02_processed\assigned_28-03-2026\F01\frame-29_15-00-10_F01.png,2026-03-28 15:00:10,2026-03-26 08:00:06,0.0,22.4,60.0,,False,True,,manual,approved
RUL_FINAL,strawberry,F01,F01,C:\Users\admin\Desktop\Strawberry-RUL-prediction\data\02_processed\final\F01\2026-03-28_15-15-10_frame-30_F01.png,C:\Users\admin\Desktop\Strawberry-RUL-prediction\data\02_processed\assigned_28-03-2026\F01\frame-30_15-15-10_F01.png,2026-03-28 15:15:10,2026-03-26 08:00:06,0.0,21.7,62.6,,False,True,,manual,approved
RUL_FINAL,strawberry,F01,F01,C:\Users\admin\Desktop\Strawberry-RUL-prediction\data\02_processed\final\F01\2026-03-28_15-30-10_frame-31_F01.png,C:\Users\admin\Desktop\Strawberry-RUL-prediction\data\02_processed\assigned_28-03-2026\F01\frame-31_15-30-10_F01.png,2026-03-28 15:30:10,2026-03-26 08:00:06,0.0,22.6,62.5,,False,True,,manual,approved
RUL_FINAL,strawberry,F01,F01,C:\Users\admin\Desktop\Strawberry-RUL-prediction\data\02_processed\final\F01\2026-03-28_15-45-10_frame-32_F01.png,C:\Users\admin\Desktop\Strawberry-RUL-prediction\data\02_processed\assigned_28-03-2026\F01\frame-32_15-45-10_F01.png,2026-03-28 15:45:10,2026-03-26 08:00:06,0.0,22.8,59.5,,False,True,,manual,approved
RUL_FINAL,strawberry,F01,F01,C:\Users\admin\Desktop\Strawberry-RUL-prediction\data\02_processed\final\F01\2026-03-28_16-00-10_frame-33_F01.png,C:\Users\admin\Desktop\Strawberry-RUL-prediction\data\02_processed\assigned_28-03-2026\F01\frame-33_16-00-10_F01.png,2026-03-28 16:00:10,2026-03-26 08:00:06,0.0,22.3,55.3,,False,True,,manual,approved
RUL_FINAL,strawberry,F01,F01,C:\Users\admin\Desktop\Strawberry-RUL-prediction\data\02_processed\final\F01\2026-03-28_16-15-11_frame-34_F01.png,C:\Users\admin\Desktop\Strawberry-RUL-prediction\data\02_processed\assigned_28-03-2026\F01\frame-34_16-15-11_F01.png,2026-03-28 16:15:11,2026-03-26 08:00:06,0.0,22.2,56.0,,False,True,,manual,approved
RUL_FINAL,strawberry,F01,F01,C:\Users\admin\Desktop\Strawberry-RUL-prediction\data\02_processed\final\F01\2026-03-28_16-30-11_frame-35_F01.png,C:\Users\admin\Desktop\Strawberry-RUL-prediction\data\02_processed\assigned_28-03-2026\F01\frame-35_16-30-11_F01.png,2026-03-28 16:30:11,2026-03-26 08:00:06,0.0,21.2,55.2,,False,True,,manual,approved
RUL_FINAL,strawberry,F01,F01,C:\Users\admin\Desktop\Strawberry-RUL-prediction\data\02_processed\final\F01\2026-03-28_16-45-11_frame-36_F01.png,C:\Users\admin\Desktop\Strawberry-RUL-prediction\data\02_processed\assigned_28-03-2026\F01\frame-36_16-45-11_F01.png,2026-03-28 16:45:11,2026-03-26 08:00:06,0.0,21.4,57.2,,False,True,,manual,approved
RUL_FINAL,strawberry,F01,F01,C:\Users\admin\Desktop\Strawberry-RUL-prediction\data\02_processed\final\F01\2026-03-28_17-00-11_frame-37_F01.png,C:\Users\admin\Desktop\Strawberry-RUL-prediction\data\02_processed\assigned_28-03-2026\F01\frame-37_17-00-11_F01.png,2026-03-28 17:00:11,2026-03-26 08:00:06,0.0,22.9,62.0,,False,True,,manual,approved
RUL_FINAL,strawberry,F01,F01,C:\Users\admin\Desktop\Strawberry-RUL-prediction\data\02_processed\final\F01\2026-03-28_17-15-11_frame-38_F01.png,C:\Users\admin\Desktop\Strawberry-RUL-prediction\data\02_processed\assigned_28-03-2026\F01\frame-38_17-15-11_F01.png,2026-03-28 17:15:11,2026-03-26 08:00:06,0.0,22.4,61.6,,False,True,,manual,approved
RUL_FINAL,strawberry,F01,F01,C:\Users\admin\Desktop\Strawberry-RUL-prediction\data\02_processed\final\F01\2026-03-28_17-30-11_frame-39_F01.png,C:\Users\admin\Desktop\Strawberry-RUL-prediction\data\02_processed\assigned_28-03-2026\F01\frame-39_17-30-11_F01.png,2026-03-28 17:30:11,2026-03-26 08:00:06,0.0,22.1,60.7,,False,True,,manual,approved
RUL_FINAL,strawberry,F01,F01,C:\Users\admin\Desktop\Strawberry-RUL-prediction\data\02_processed\final\F01\2026-03-28_17-45-11_frame-40_F01.png,C:\Users\admin\Desktop\Strawberry-RUL-prediction\data\02_processed\assigned_28-03-2026\F01\frame-40_17-45-11_F01.png,2026-03-28 17:45:11,2026-03-26 08:00:06,0.0,22.7,60.8,,False,True,,manual,approved
RUL_FINAL,strawberry,F01,F01,C:\Users\admin\Desktop\Strawberry-RUL-prediction\data\02_processed\final\F01\2026-03-28_18-00-11_frame-41_F01.png,C:\Users\admin\Desktop\Strawberry-RUL-prediction\data\02_processed\assigned_28-03-2026\F01\frame-41_18-00-11_F01.png,2026-03-28 18:00:11,2026-03-26 08:00:06,0.0,22.1,58.0,,False,True,,manual,approved
RUL_FINAL,strawberry,F01,F01,C:\Users\admin\Desktop\Strawberry-RUL-prediction\data\02_processed\final\F01\2026-03-28_18-15-11_frame-42_F01.png,C:\Users\admin\Desktop\Strawberry-RUL-prediction\data\02_processed\assigned_28-03-2026\F01\frame-42_18-15-11_F01.png,2026-03-28 18:15:11,2026-03-26 08:00:06,0.0,21.5,62.8,,False,True,,manual,approved
RUL_FINAL,strawberry,F01,F01,C:\Users\admin\Desktop\Strawberry-RUL-prediction\data\02_processed\final\F01\2026-03-28_18-30-11_frame-43_F01.png,C:\Users\admin\Desktop\Strawberry-RUL-prediction\data\02_processed\assigned_28-03-2026\F01\frame-43_18-30-11_F01.png,2026-03-28 18:30:11,2026-03-26 08:00:06,0.0,21.8,56.7,,False,True,,manual,approved
RUL_FINAL,strawberry,F01,F01,C:\Users\admin\Desktop\Strawberry-RUL-prediction\data\02_processed\final\F01\2026-03-30_08-00-06_frame-1_F01.png,C:\Users\admin\Desktop\Strawberry-RUL-prediction\data\02_processed\assigned_30-03-2026\F01\frame-1_08-00-06_F01.png,2026-03-30 08:00:06,2026-03-26 08:00:06,0.0,21.7,55.1,,False,True,,manual,approved
RUL_FINAL,strawberry,F01,F01,C:\Users\admin\Desktop\Strawberry-RUL-prediction\data\02_processed\final\F01\2026-03-30_08-15-06_frame-2_F01.png,C:\Users\admin\Desktop\Strawberry-RUL-prediction\data\02_processed\assigned_30-03-2026\F01\frame-2_08-15-06_F01.png,2026-03-30 08:15:06,2026-03-26 08:00:06,0.0,22.4,64.7,,False,True,,manual,approved
RUL_FINAL,strawberry,F01,F01,C:\Users\admin\Desktop\Strawberry-RUL-prediction\data\02_processed\final\F01\2026-03-30_08-30-06_frame-3_F01.png,C:\Users\admin\Desktop\Strawberry-RUL-prediction\data\02_processed\assigned_30-03-2026\F01\frame-3_08-30-06_F01.png,2026-03-30 08:30:06,2026-03-26 08:00:06,0.0,21.3,62.3,,False,True,,manual,approved
RUL_FINAL,strawberry,F01,F01,C:\Users\admin\Desktop\Strawberry-RUL-prediction\data\02_processed\final\F01\2026-03-30_08-45-07_frame-4_F01.png,C:\Users\admin\Desktop\Strawberry-RUL-prediction\data\02_processed\assigned_30-03-2026\F01\frame-4_08-45-07_F01.png,2026-03-30 08:45:07,2026-03-26 08:00:06,0.0,21.6,56.2,,False,True,,manual,approved
RUL_FINAL,strawberry,F01,F01,C:\Users\admin\Desktop\Strawberry-RUL-prediction\data\02_processed\final\F01\2026-03-30_09-00-07_frame-5_F01.png,C:\Users\admin\Desktop\Strawberry-RUL-prediction\data\02_processed\assigned_30-03-2026\F01\frame-5_09-00-07_F01.png,2026-03-30 09:00:07,2026-03-26 08:00:06,0.0,22.2,64.9,,False,True,,manual,approved
RUL_FINAL,strawberry,F01,F01,C:\Users\admin\Desktop\Strawberry-RUL-prediction\data\02_processed\final\F01\2026-03-30_09-15-07_frame-6_F01.png,C:\Users\admin\Desktop\Strawberry-RUL-prediction\data\02_processed\assigned_30-03-2026\F01\frame-6_09-15-07_F01.png,2026-03-30 09:15:07,2026-03-26 08:00:06,0.0,21.3,56.3,,False,True,,manual,approved
RUL_FINAL,strawberry,F01,F01,C:\Users\admin\Desktop\Strawberry-RUL-prediction\data\02_processed\final\F01\2026-03-30_09-30-07_frame-7_F01.png,C:\Users\admin\Desktop\Strawberry-RUL-prediction\data\02_processed\assigned_30-03-2026\F01\frame-7_09-30-07_F01.png,2026-03-30 09:30:07,2026-03-26 08:00:06,0.0,21.8,61.0,,False,True,,manual,approved
RUL_FINAL,strawberry,F01,F01,C:\Users\admin\Desktop\Strawberry-RUL-prediction\data\02_processed\final\F01\2026-03-30_09-45-07_frame-8_F01.png,C:\Users\admin\Desktop\Strawberry-RUL-prediction\data\02_processed\assigned_30-03-2026\F01\frame-8_09-45-07_F01.png,2026-03-30 09:45:07,2026-03-26 08:00:06,0.0,22.1,62.2,,False,True,,manual,approved
RUL_FINAL,strawberry,F01,F01,C:\Users\admin\Desktop\Strawberry-RUL-prediction\data\02_processed\final\F01\2026-03-30_10-00-07_frame-9_F01.png,C:\Users\admin\Desktop\Strawberry-RUL-prediction\data\02_processed\assigned_30-03-2026\F01\frame-9_10-00-07_F01.png,2026-03-30 10:00:07,2026-03-26 08:00:06,0.0,22.2,64.5,,False,True,,manual,approved
RUL_FINAL,strawberry,F01,F01,C:\Users\admin\Desktop\Strawberry-RUL-prediction\data\02_processed\final\F01\2026-03-30_10-15-07_frame-10_F01.png,C:\Users\admin\Desktop\Strawberry-RUL-prediction\data\02_processed\assigned_30-03-2026\F01\frame-10_10-15-07_F01.png,2026-03-30 10:15:07,2026-03-26 08:00:06,0.0,21.7,61.7,,False,True,,manual,approved
RUL_FINAL,strawberry,F01,F01,C:\Users\admin\Desktop\Strawberry-RUL-prediction\data\02_processed\final\F01\2026-03-30_10-30-07_frame-11_F01.png,C:\Users\admin\Desktop\Strawberry-RUL-prediction\data\02_processed\assigned_30-03-2026\F01\frame-11_10-30-07_F01.png,2026-03-30 10:30:07,2026-03-26 08:00:06,0.0,21.7,55.7,,False,True,,manual,approved
RUL_FINAL,strawberry,F01,F01,C:\Users\admin\Desktop\Strawberry-RUL-prediction\data\02_processed\final\F01\2026-03-30_10-45-07_frame-12_F01.png,C:\Users\admin\Desktop\Strawberry-RUL-prediction\data\02_processed\assigned_30-03-2026\F01\frame-12_10-45-07_F01.png,2026-03-30 10:45:07,2026-03-26 08:00:06,0.0,22.2,63.6,,False,True,,manual,approved
RUL_FINAL,strawberry,F01,F01,C:\Users\admin\Desktop\Strawberry-RUL-prediction\data\02_processed\final\F01\2026-03-30_11-00-07_frame-13_F01.png,C:\Users\admin\Desktop\Strawberry-RUL-prediction\data\02_processed\assigned_30-03-2026\F01\frame-13_11-00-07_F01.png,2026-03-30 11:00:07,2026-03-26 08:00:06,0.0,21.2,62.7,,False,True,,manual,approved
RUL_FINAL,strawberry,F01,F01,C:\Users\admin\Desktop\Strawberry-RUL-prediction\data\02_processed\final\F01\2026-03-30_11-15-08_frame-14_F01.png,C:\Users\admin\Desktop\Strawberry-RUL-prediction\data\02_processed\assigned_30-03-2026\F01\frame-14_11-15-08_F01.png,2026-03-30 11:15:08,2026-03-26 08:00:06,0.0,22.5,56.3,,False,True,,manual,approved
RUL_FINAL,strawberry,F01,F01,C:\Users\admin\Desktop\Strawberry-RUL-prediction\data\02_processed\final\F01\2026-03-30_11-30-08_frame-15_F01.png,C:\Users\admin\Desktop\Strawberry-RUL-prediction\data\02_processed\assigned_30-03-2026\F01\frame-15_11-30-08_F01.png,2026-03-30 11:30:08,2026-03-26 08:00:06,0.0,22.4,60.4,,False,True,,manual,approved
RUL_FINAL,strawberry,F01,F01,C:\Users\admin\Desktop\Strawberry-RUL-prediction\data\02_processed\final\F01\2026-03-30_11-45-08_frame-16_F01.png,C:\Users\admin\Desktop\Strawberry-RUL-prediction\data\02_processed\assigned_30-03-2026\F01\frame-16_11-45-08_F01.png,2026-03-30 11:45:08,2026-03-26 08:00:06,0.0,22.4,63.5,,False,True,,manual,approved
RUL_FINAL,strawberry,F01,F01,C:\Users\admin\Desktop\Strawberry-RUL-prediction\data\02_processed\final\F01\2026-03-30_12-00-08_frame-17_F01.png,C:\Users\admin\Desktop\Strawberry-RUL-prediction\data\02_processed\assigned_30-03-2026\F01\frame-17_12-00-08_F01.png,2026-03-30 12:00:08,2026-03-26 08:00:06,0.0,22.9,57.7,,False,True,,manual,approved
RUL_FINAL,strawberry,F01,F01,C:\Users\admin\Desktop\Strawberry-RUL-prediction\data\02_processed\final\F01\2026-03-30_12-15-08_frame-18_F01.png,C:\Users\admin\Desktop\Strawberry-RUL-prediction\data\02_processed\assigned_30-03-2026\F01\frame-18_12-15-08_F01.png,2026-03-30 12:15:08,2026-03-26 08:00:06,0.0,22.3,55.1,,False,True,,manual,approved
RUL_FINAL,strawberry,F01,F01,C:\Users\admin\Desktop\Strawberry-RUL-prediction\data\02_processed\final\F01\2026-03-30_12-30-08_frame-19_F01.png,C:\Users\admin\Desktop\Strawberry-RUL-prediction\data\02_processed\assigned_30-03-2026\F01\frame-19_12-30-08_F01.png,2026-03-30 12:30:08,2026-03-26 08:00:06,0.0,21.4,58.8,,False,True,,manual,approved
RUL_FINAL,strawberry,F01,F01,C:\Users\admin\Desktop\Strawberry-RUL-prediction\data\02_processed\final\F01\2026-03-30_12-45-08_frame-20_F01.png,C:\Users\admin\Desktop\Strawberry-RUL-prediction\data\02_processed\assigned_30-03-2026\F01\frame-20_12-45-08_F01.png,2026-03-30 12:45:08,2026-03-26 08:00:06,0.0,22.6,57.3,,False,True,,manual,approved
RUL_FINAL,strawberry,F01,F01,C:\Users\admin\Desktop\Strawberry-RUL-prediction\data\02_processed\final\F01\2026-03-30_13-00-08_frame-21_F01.png,C:\Users\admin\Desktop\Strawberry-RUL-prediction\data\02_processed\assigned_30-03-2026\F01\frame-21_13-00-08_F01.png,2026-03-30 13:00:08,2026-03-26 08:00:06,0.0,22.5,63.2,,False,True,,manual,approved
RUL_FINAL,strawberry,F01,F01,C:\Users\admin\Desktop\Strawberry-RUL-prediction\data\02_processed\final\F01\2026-03-30_13-15-08_frame-22_F01.png,C:\Users\admin\Desktop\Strawberry-RUL-prediction\data\02_processed\assigned_30-03-2026\F01\frame-22_13-15-08_F01.png,2026-03-30 13:15:08,2026-03-26 08:00:06,0.0,21.4,64.4,,False,True,,manual,approved
RUL_FINAL,strawberry,F01,F01,C:\Users\admin\Desktop\Strawberry-RUL-prediction\data\02_processed\final\F01\2026-03-30_13-30-08_frame-23_F01.png,C:\Users\admin\Desktop\Strawberry-RUL-prediction\data\02_processed\assigned_30-03-2026\F01\frame-23_13-30-08_F01.png,2026-03-30 13:30:08,2026-03-26 08:00:06,0.0,22.8,64.5,,False,True,,manual,approved
RUL_FINAL,strawberry,F01,F01,C:\Users\admin\Desktop\Strawberry-RUL-prediction\data\02_processed\final\F01\2026-03-30_13-45-09_frame-24_F01.png,C:\Users\admin\Desktop\Strawberry-RUL-prediction\data\02_processed\assigned_30-03-2026\F01\frame-24_13-45-09_F01.png,2026-03-30 13:45:09,2026-03-26 08:00:06,0.0,22.0,56.5,,False,True,,manual,approved
RUL_FINAL,strawberry,F01,F01,C:\Users\admin\Desktop\Strawberry-RUL-prediction\data\02_processed\final\F01\2026-03-30_14-00-09_frame-25_F01.png,C:\Users\admin\Desktop\Strawberry-RUL-prediction\data\02_processed\assigned_30-03-2026\F01\frame-25_14-00-09_F01.png,2026-03-30 14:00:09,2026-03-26 08:00:06,0.0,21.8,58.4,,False,True,,manual,approved
RUL_FINAL,strawberry,F01,F01,C:\Users\admin\Desktop\Strawberry-RUL-prediction\data\02_processed\final\F01\2026-03-30_14-15-09_frame-26_F01.png,C:\Users\admin\Desktop\Strawberry-RUL-prediction\data\02_processed\assigned_30-03-2026\F01\frame-26_14-15-09_F01.png,2026-03-30 14:15:09,2026-03-26 08:00:06,0.0,23.0,60.4,,False,True,,manual,approved
RUL_FINAL,strawberry,F01,F01,C:\Users\admin\Desktop\Strawberry-RUL-prediction\data\02_processed\final\F01\2026-03-30_14-30-09_frame-27_F01.png,C:\Users\admin\Desktop\Strawberry-RUL-prediction\data\02_processed\assigned_30-03-2026\F01\frame-27_14-30-09_F01.png,2026-03-30 14:30:09,2026-03-26 08:00:06,0.0,21.0,64.3,,False,True,,manual,approved
RUL_FINAL,strawberry,F01,F01,C:\Users\admin\Desktop\Strawberry-RUL-prediction\data\02_processed\final\F01\2026-03-30_14-45-09_frame-28_F01.png,C:\Users\admin\Desktop\Strawberry-RUL-prediction\data\02_processed\assigned_30-03-2026\F01\frame-28_14-45-09_F01.png,2026-03-30 14:45:09,2026-03-26 08:00:06,0.0,22.4,59.2,,False,True,,manual,approved
RUL_FINAL,strawberry,F01,F01,C:\Users\admin\Desktop\Strawberry-RUL-prediction\data\02_processed\final\F01\2026-03-30_15-00-09_frame-29_F01.png,C:\Users\admin\Desktop\Strawberry-RUL-prediction\data\02_processed\assigned_30-03-2026\F01\frame-29_15-00-09_F01.png,2026-03-30 15:00:09,2026-03-26 08:00:06,0.0,22.9,56.8,,False,True,,manual,approved
RUL_FINAL,strawberry,F01,F01,C:\Users\admin\Desktop\Strawberry-RUL-prediction\data\02_processed\final\F01\2026-03-30_15-15-09_frame-30_F01.png,C:\Users\admin\Desktop\Strawberry-RUL-prediction\data\02_processed\assigned_30-03-2026\F01\frame-30_15-15-09_F01.png,2026-03-30 15:15:09,2026-03-26 08:00:06,0.0,22.4,57.8,,False,True,,manual,approved
RUL_FINAL,strawberry,F01,F01,C:\Users\admin\Desktop\Strawberry-RUL-prediction\data\02_processed\final\F01\2026-03-30_15-30-09_frame-31_F01.png,C:\Users\admin\Desktop\Strawberry-RUL-prediction\data\02_processed\assigned_30-03-2026\F01\frame-31_15-30-09_F01.png,2026-03-30 15:30:09,2026-03-26 08:00:06,0.0,21.9,57.6,,False,True,,manual,approved
RUL_FINAL,strawberry,F01,F01,C:\Users\admin\Desktop\Strawberry-RUL-prediction\data\02_processed\final\F01\2026-03-30_15-45-09_frame-32_F01.png,C:\Users\admin\Desktop\Strawberry-RUL-prediction\data\02_processed\assigned_30-03-2026\F01\frame-32_15-45-09_F01.png,2026-03-30 15:45:09,2026-03-26 08:00:06,0.0,21.5,61.4,,False,True,,manual,approved
RUL_FINAL,strawberry,F01,F01,C:\Users\admin\Desktop\Strawberry-RUL-prediction\data\02_processed\final\F01\2026-03-30_16-00-09_frame-33_F01.png,C:\Users\admin\Desktop\Strawberry-RUL-prediction\data\02_processed\assigned_30-03-2026\F01\frame-33_16-00-09_F01.png,2026-03-30 16:00:09,2026-03-26 08:00:06,0.0,22.6,61.3,,False,True,,manual,approved
RUL_FINAL,strawberry,F01,F01,C:\Users\admin\Desktop\Strawberry-RUL-prediction\data\02_processed\final\F01\2026-03-30_16-15-09_frame-34_F01.png,C:\Users\admin\Desktop\Strawberry-RUL-prediction\data\02_processed\assigned_30-03-2026\F01\frame-34_16-15-09_F01.png,2026-03-30 16:15:09,2026-03-26 08:00:06,0.0,21.4,59.5,,False,True,,manual,approved
RUL_FINAL,strawberry,F01,F01,C:\Users\admin\Desktop\Strawberry-RUL-prediction\data\02_processed\final\F01\2026-03-30_16-30-09_frame-35_F01.png,C:\Users\admin\Desktop\Strawberry-RUL-prediction\data\02_processed\assigned_30-03-2026\F01\frame-35_16-30-09_F01.png,2026-03-30 16:30:09,2026-03-26 08:00:06,0.0,22.3,58.6,,False,True,,manual,approved
RUL_FINAL,strawberry,F01,F01,C:\Users\admin\Desktop\Strawberry-RUL-prediction\data\02_processed\final\F01\2026-03-30_16-45-10_frame-36_F01.png,C:\Users\admin\Desktop\Strawberry-RUL-prediction\data\02_processed\assigned_30-03-2026\F01\frame-36_16-45-10_F01.png,2026-03-30 16:45:10,2026-03-26 08:00:06,0.0,22.3,63.2,,False,True,,manual,approved
RUL_FINAL,strawberry,F01,F01,C:\Users\admin\Desktop\Strawberry-RUL-prediction\data\02_processed\final\F01\2026-03-30_17-00-10_frame-37_F01.png,C:\Users\admin\Desktop\Strawberry-RUL-prediction\data\02_processed\assigned_30-03-2026\F01\frame-37_17-00-10_F01.png,2026-03-30 17:00:10,2026-03-26 08:00:06,0.0,22.9,60.7,,False,True,,manual,approved
RUL_FINAL,strawberry,F01,F01,C:\Users\admin\Desktop\Strawberry-RUL-prediction\data\02_processed\final\F01\2026-03-30_17-15-10_frame-38_F01.png,C:\Users\admin\Desktop\Strawberry-RUL-prediction\data\02_processed\assigned_30-03-2026\F01\frame-38_17-15-10_F01.png,2026-03-30 17:15:10,2026-03-26 08:00:06,0.0,22.2,58.5,,False,True,,manual,approved
RUL_FINAL,strawberry,F01,F01,C:\Users\admin\Desktop\Strawberry-RUL-prediction\data\02_processed\final\F01\2026-03-30_17-30-10_frame-39_F01.png,C:\Users\admin\Desktop\Strawberry-RUL-prediction\data\02_processed\assigned_30-03-2026\F01\frame-39_17-30-10_F01.png,2026-03-30 17:30:10,2026-03-26 08:00:06,0.0,22.1,59.1,,False,True,,manual,approved
RUL_FINAL,strawberry,F01,F01,C:\Users\admin\Desktop\Strawberry-RUL-prediction\data\02_processed\final\F01\2026-03-30_17-45-10_frame-40_F01.png,C:\Users\admin\Desktop\Strawberry-RUL-prediction\data\02_processed\assigned_30-03-2026\F01\frame-40_17-45-10_F01.png,2026-03-30 17:45:10,2026-03-26 08:00:06,0.0,22.4,59.9,,False,True,,manual,approved
RUL_FINAL,strawberry,F01,F01,C:\Users\admin\Desktop\Strawberry-RUL-prediction\data\02_processed\final\F01\2026-03-30_18-00-10_frame-41_F01.png,C:\Users\admin\Desktop\Strawberry-RUL-prediction\data\02_processed\assigned_30-03-2026\F01\frame-41_18-00-10_F01.png,2026-03-30 18:00:10,2026-03-26 08:00:06,0.0,22.9,63.3,,False,True,,manual,approved
RUL_FINAL,strawberry,F01,F01,C:\Users\admin\Desktop\Strawberry-RUL-prediction\data\02_processed\final\F01\2026-03-30_18-15-10_frame-42_F01.png,C:\Users\admin\Desktop\Strawberry-RUL-prediction\data\02_processed\assigned_30-03-2026\F01\frame-42_18-15-10_F01.png,2026-03-30 18:15:10,2026-03-26 08:00:06,0.0,22.5,58.3,,False,True,,manual,approved
RUL_FINAL,strawberry,F01,F01,C:\Users\admin\Desktop\Strawberry-RUL-prediction\data\02_processed\final\F01\2026-03-30_18-30-10_frame-43_F01.png,C:\Users\admin\Desktop\Strawberry-RUL-prediction\data\02_processed\assigned_30-03-2026\F01\frame-43_18-30-10_F01.png,2026-03-30 18:30:10,2026-03-26 08:00:06,0.0,21.6,59.1,,False,True,,manual,approved
RUL_FINAL,strawberry,F01,F01,C:\Users\admin\Desktop\Strawberry-RUL-prediction\data\02_processed\final\F01\2026-03-30_18-45-10_frame-44_F01.png,C:\Users\admin\Desktop\Strawberry-RUL-prediction\data\02_processed\assigned_30-03-2026\F01\frame-44_18-45-10_F01.png,2026-03-30 18:45:10,2026-03-26 08:00:06,0.0,21.3,55.8,,False,True,,manual,approved
RUL_FINAL,strawberry,F01,F01,C:\Users\admin\Desktop\Strawberry-RUL-prediction\data\02_processed\final\F01\2026-03-30_19-00-10_frame-45_F01.png,C:\Users\admin\Desktop\Strawberry-RUL-prediction\data\02_processed\assigned_30-03-2026\F01\frame-45_19-00-10_F01.png,2026-03-30 19:00:10,2026-03-26 08:00:06,0.0,21.9,60.8,,False,True,,manual,approved
RUL_FINAL,strawberry,F01,F01,C:\Users\admin\Desktop\Strawberry-RUL-prediction\data\02_processed\final\F01\2026-03-30_19-15-10_frame-46_F01.png,C:\Users\admin\Desktop\Strawberry-RUL-prediction\data\02_processed\assigned_30-03-2026\F01\frame-46_19-15-10_F01.png,2026-03-30 19:15:10,2026-03-26 08:00:06,0.0,22.9,63.6,,False,True,,manual,approved
RUL_FINAL,strawberry,F01,F01,C:\Users\admin\Desktop\Strawberry-RUL-prediction\data\02_processed\final\F01\2026-03-31_08-00-06_frame-1_F01.png,C:\Users\admin\Desktop\Strawberry-RUL-prediction\data\02_processed\assigned_31-03-2026\F01\frame-1_08-00-06_F01.png,2026-03-31 08:00:06,2026-03-26 08:00:06,0.0,21.1,60.1,,False,True,,manual,approved
RUL_FINAL,strawberry,F01,F01,C:\Users\admin\Desktop\Strawberry-RUL-prediction\data\02_processed\final\F01\2026-03-31_08-15-06_frame-2_F01.png,C:\Users\admin\Desktop\Strawberry-RUL-prediction\data\02_processed\assigned_31-03-2026\F01\frame-2_08-15-06_F01.png,2026-03-31 08:15:06,2026-03-26 08:00:06,0.0,22.5,61.8,,False,True,,manual,approved
RUL_FINAL,strawberry,F01,F01,C:\Users\admin\Desktop\Strawberry-RUL-prediction\data\02_processed\final\F01\2026-03-31_08-30-06_frame-3_F01.png,C:\Users\admin\Desktop\Strawberry-RUL-prediction\data\02_processed\assigned_31-03-2026\F01\frame-3_08-30-06_F01.png,2026-03-31 08:30:06,2026-03-26 08:00:06,0.0,21.5,63.5,,False,True,,manual,approved
RUL_FINAL,strawberry,F01,F01,C:\Users\admin\Desktop\Strawberry-RUL-prediction\data\02_processed\final\F01\2026-03-31_08-45-06_frame-4_F01.png,C:\Users\admin\Desktop\Strawberry-RUL-prediction\data\02_processed\assigned_31-03-2026\F01\frame-4_08-45-06_F01.png,2026-03-31 08:45:06,2026-03-26 08:00:06,0.0,21.1,62.7,,False,True,,manual,approved
RUL_FINAL,strawberry,F01,F01,C:\Users\admin\Desktop\Strawberry-RUL-prediction\data\02_processed\final\F01\2026-03-31_09-00-06_frame-5_F01.png,C:\Users\admin\Desktop\Strawberry-RUL-prediction\data\02_processed\assigned_31-03-2026\F01\frame-5_09-00-06_F01.png,2026-03-31 09:00:06,2026-03-26 08:00:06,0.0,21.7,63.8,,False,True,,manual,approved
RUL_FINAL,strawberry,F01,F01,C:\Users\admin\Desktop\Strawberry-RUL-prediction\data\02_processed\final\F01\2026-03-31_09-15-06_frame-6_F01.png,C:\Users\admin\Desktop\Strawberry-RUL-prediction\data\02_processed\assigned_31-03-2026\F01\frame-6_09-15-06_F01.png,2026-03-31 09:15:06,2026-03-26 08:00:06,0.0,22.1,62.9,,False,True,,manual,approved
RUL_FINAL,strawberry,F01,F01,C:\Users\admin\Desktop\Strawberry-RUL-prediction\data\02_processed\final\F01\2026-03-31_09-30-06_frame-7_F01.png,C:\Users\admin\Desktop\Strawberry-RUL-prediction\data\02_processed\assigned_31-03-2026\F01\frame-7_09-30-06_F01.png,2026-03-31 09:30:06,2026-03-26 08:00:06,0.0,22.8,61.1,,False,True,,manual,approved
RUL_FINAL,strawberry,F01,F01,C:\Users\admin\Desktop\Strawberry-RUL-prediction\data\02_processed\final\F01\2026-03-31_09-45-07_frame-8_F01.png,C:\Users\admin\Desktop\Strawberry-RUL-prediction\data\02_processed\assigned_31-03-2026\F01\frame-8_09-45-07_F01.png,2026-03-31 09:45:07,2026-03-26 08:00:06,0.0,22.7,61.2,,False,True,,manual,approved
RUL_FINAL,strawberry,F01,F01,C:\Users\admin\Desktop\Strawberry-RUL-prediction\data\02_processed\final\F01\2026-03-31_10-00-07_frame-9_F01.png,C:\Users\admin\Desktop\Strawberry-RUL-prediction\data\02_processed\assigned_31-03-2026\F01\frame-9_10-00-07_F01.png,2026-03-31 10:00:07,2026-03-26 08:00:06,0.0,22.3,55.1,,False,True,,manual,approved
RUL_FINAL,strawberry,F01,F01,C:\Users\admin\Desktop\Strawberry-RUL-prediction\data\02_processed\final\F01\2026-03-31_10-15-07_frame-10_F01.png,C:\Users\admin\Desktop\Strawberry-RUL-prediction\data\02_processed\assigned_31-03-2026\F01\frame-10_10-15-07_F01.png,2026-03-31 10:15:07,2026-03-26 08:00:06,0.0,22.1,62.2,,False,True,,manual,approved
RUL_FINAL,strawberry,F01,F01,C:\Users\admin\Desktop\Strawberry-RUL-prediction\data\02_processed\final\F01\2026-03-31_10-30-07_frame-11_F01.png,C:\Users\admin\Desktop\Strawberry-RUL-prediction\data\02_processed\assigned_31-03-2026\F01\frame-11_10-30-07_F01.png,2026-03-31 10:30:07,2026-03-26 08:00:06,0.0,23.0,58.0,,False,True,,manual,approved
RUL_FINAL,strawberry,F01,F01,C:\Users\admin\Desktop\Strawberry-RUL-prediction\data\02_processed\final\F01\2026-03-31_10-45-07_frame-12_F01.png,C:\Users\admin\Desktop\Strawberry-RUL-prediction\data\02_processed\assigned_31-03-2026\F01\frame-12_10-45-07_F01.png,2026-03-31 10:45:07,2026-03-26 08:00:06,0.0,21.8,58.2,,False,True,,manual,approved
RUL_FINAL,strawberry,F01,F01,C:\Users\admin\Desktop\Strawberry-RUL-prediction\data\02_processed\final\F01\2026-03-31_11-00-07_frame-13_F01.png,C:\Users\admin\Desktop\Strawberry-RUL-prediction\data\02_processed\assigned_31-03-2026\F01\frame-13_11-00-07_F01.png,2026-03-31 11:00:07,2026-03-26 08:00:06,0.0,22.9,60.0,,False,True,,manual,approved
RUL_FINAL,strawberry,F01,F01,C:\Users\admin\Desktop\Strawberry-RUL-prediction\data\02_processed\final\F01\2026-03-31_11-15-07_frame-14_F01.png,C:\Users\admin\Desktop\Strawberry-RUL-prediction\data\02_processed\assigned_31-03-2026\F01\frame-14_11-15-07_F01.png,2026-03-31 11:15:07,2026-03-26 08:00:06,0.0,21.3,59.6,,False,True,,manual,approved
RUL_FINAL,strawberry,F01,F01,C:\Users\admin\Desktop\Strawberry-RUL-prediction\data\02_processed\final\F01\2026-03-31_11-30-08_frame-15_F01.png,C:\Users\admin\Desktop\Strawberry-RUL-prediction\data\02_processed\assigned_31-03-2026\F01\frame-15_11-30-08_F01.png,2026-03-31 11:30:08,2026-03-26 08:00:06,0.0,21.4,56.3,,False,True,,manual,approved
RUL_FINAL,strawberry,F01,F01,C:\Users\admin\Desktop\Strawberry-RUL-prediction\data\02_processed\final\F01\2026-03-31_11-45-08_frame-16_F01.png,C:\Users\admin\Desktop\Strawberry-RUL-prediction\data\02_processed\assigned_31-03-2026\F01\frame-16_11-45-08_F01.png,2026-03-31 11:45:08,2026-03-26 08:00:06,0.0,22.2,61.1,,False,True,,manual,approved
RUL_FINAL,strawberry,F01,F01,C:\Users\admin\Desktop\Strawberry-RUL-prediction\data\02_processed\final\F01\2026-03-31_12-00-08_frame-17_F01.png,C:\Users\admin\Desktop\Strawberry-RUL-prediction\data\02_processed\assigned_31-03-2026\F01\frame-17_12-00-08_F01.png,2026-03-31 12:00:08,2026-03-26 08:00:06,0.0,22.3,60.4,,False,True,,manual,approved
RUL_FINAL,strawberry,F01,F01,C:\Users\admin\Desktop\Strawberry-RUL-prediction\data\02_processed\final\F01\2026-03-31_12-15-08_frame-18_F01.png,C:\Users\admin\Desktop\Strawberry-RUL-prediction\data\02_processed\assigned_31-03-2026\F01\frame-18_12-15-08_F01.png,2026-03-31 12:15:08,2026-03-26 08:00:06,0.0,21.2,62.7,,False,True,,manual,approved
RUL_FINAL,strawberry,F01,F01,C:\Users\admin\Desktop\Strawberry-RUL-prediction\data\02_processed\final\F01\2026-03-31_12-30-08_frame-19_F01.png,C:\Users\admin\Desktop\Strawberry-RUL-prediction\data\02_processed\assigned_31-03-2026\F01\frame-19_12-30-08_F01.png,2026-03-31 12:30:08,2026-03-26 08:00:06,0.0,21.5,62.1,,False,True,,manual,approved
RUL_FINAL,strawberry,F01,F01,C:\Users\admin\Desktop\Strawberry-RUL-prediction\data\02_processed\final\F01\2026-03-31_12-45-08_frame-20_F01.png,C:\Users\admin\Desktop\Strawberry-RUL-prediction\data\02_processed\assigned_31-03-2026\F01\frame-20_12-45-08_F01.png,2026-03-31 12:45:08,2026-03-26 08:00:06,0.0,21.3,60.1,,False,True,,manual,approved
RUL_FINAL,strawberry,F01,F01,C:\Users\admin\Desktop\Strawberry-RUL-prediction\data\02_processed\final\F01\2026-03-31_13-00-08_frame-21_F01.png,C:\Users\admin\Desktop\Strawberry-RUL-prediction\data\02_processed\assigned_31-03-2026\F01\frame-21_13-00-08_F01.png,2026-03-31 13:00:08,2026-03-26 08:00:06,0.0,22.0,58.4,,False,True,,manual,approved
RUL_FINAL,strawberry,F01,F01,C:\Users\admin\Desktop\Strawberry-RUL-prediction\data\02_processed\final\F01\2026-03-31_13-15-09_frame-22_F01.png,C:\Users\admin\Desktop\Strawberry-RUL-prediction\data\02_processed\assigned_31-03-2026\F01\frame-22_13-15-09_F01.png,2026-03-31 13:15:09,2026-03-26 08:00:06,0.0,21.2,64.8,,False,True,,manual,approved
RUL_FINAL,strawberry,F01,F01,C:\Users\admin\Desktop\Strawberry-RUL-prediction\data\02_processed\final\F01\2026-03-31_13-30-09_frame-23_F01.png,C:\Users\admin\Desktop\Strawberry-RUL-prediction\data\02_processed\assigned_31-03-2026\F01\frame-23_13-30-09_F01.png,2026-03-31 13:30:09,2026-03-26 08:00:06,0.0,23.0,60.1,,False,True,,manual,approved
RUL_FINAL,strawberry,F01,F01,C:\Users\admin\Desktop\Strawberry-RUL-prediction\data\02_processed\final\F01\2026-03-31_13-45-09_frame-24_F01.png,C:\Users\admin\Desktop\Strawberry-RUL-prediction\data\02_processed\assigned_31-03-2026\F01\frame-24_13-45-09_F01.png,2026-03-31 13:45:09,2026-03-26 08:00:06,0.0,22.9,58.4,,False,True,,manual,approved
RUL_FINAL,strawberry,F01,F01,C:\Users\admin\Desktop\Strawberry-RUL-prediction\data\02_processed\final\F01\2026-03-31_14-00-09_frame-25_F01.png,C:\Users\admin\Desktop\Strawberry-RUL-prediction\data\02_processed\assigned_31-03-2026\F01\frame-25_14-00-09_F01.png,2026-03-31 14:00:09,2026-03-26 08:00:06,0.0,21.9,61.7,,False,True,,manual,approved
RUL_FINAL,strawberry,F01,F01,C:\Users\admin\Desktop\Strawberry-RUL-prediction\data\02_processed\final\F01\2026-03-31_14-15-09_frame-26_F01.png,C:\Users\admin\Desktop\Strawberry-RUL-prediction\data\02_processed\assigned_31-03-2026\F01\frame-26_14-15-09_F01.png,2026-03-31 14:15:09,2026-03-26 08:00:06,0.0,21.6,62.5,,False,True,,manual,approved
RUL_FINAL,strawberry,F01,F01,C:\Users\admin\Desktop\Strawberry-RUL-prediction\data\02_processed\final\F01\2026-03-31_14-30-09_frame-27_F01.png,C:\Users\admin\Desktop\Strawberry-RUL-prediction\data\02_processed\assigned_31-03-2026\F01\frame-27_14-30-09_F01.png,2026-03-31 14:30:09,2026-03-26 08:00:06,0.0,22.7,57.4,,False,True,,manual,approved
RUL_FINAL,strawberry,F01,F01,C:\Users\admin\Desktop\Strawberry-RUL-prediction\data\02_processed\final\F01\2026-03-31_14-45-09_frame-28_F01.png,C:\Users\admin\Desktop\Strawberry-RUL-prediction\data\02_processed\assigned_31-03-2026\F01\frame-28_14-45-09_F01.png,2026-03-31 14:45:09,2026-03-26 08:00:06,0.0,22.1,61.0,,False,True,,manual,approved
RUL_FINAL,strawberry,F01,F01,C:\Users\admin\Desktop\Strawberry-RUL-prediction\data\02_processed\final\F01\2026-03-31_15-00-09_frame-29_F01.png,C:\Users\admin\Desktop\Strawberry-RUL-prediction\data\02_processed\assigned_31-03-2026\F01\frame-29_15-00-09_F01.png,2026-03-31 15:00:09,2026-03-26 08:00:06,0.0,21.9,63.6,,False,True,,manual,approved
RUL_FINAL,strawberry,F01,F01,C:\Users\admin\Desktop\Strawberry-RUL-prediction\data\02_processed\final\F01\2026-03-31_15-15-10_frame-30_F01.png,C:\Users\admin\Desktop\Strawberry-RUL-prediction\data\02_processed\assigned_31-03-2026\F01\frame-30_15-15-10_F01.png,2026-03-31 15:15:10,2026-03-26 08:00:06,0.0,21.6,59.5,,False,True,,manual,approved
RUL_FINAL,strawberry,F01,F01,C:\Users\admin\Desktop\Strawberry-RUL-prediction\data\02_processed\final\F01\2026-03-31_15-30-10_frame-31_F01.png,C:\Users\admin\Desktop\Strawberry-RUL-prediction\data\02_processed\assigned_31-03-2026\F01\frame-31_15-30-10_F01.png,2026-03-31 15:30:10,2026-03-26 08:00:06,0.0,22.4,57.4,,False,True,,manual,approved
RUL_FINAL,strawberry,F01,F01,C:\Users\admin\Desktop\Strawberry-RUL-prediction\data\02_processed\final\F01\2026-03-31_15-45-10_frame-32_F01.png,C:\Users\admin\Desktop\Strawberry-RUL-prediction\data\02_processed\assigned_31-03-2026\F01\frame-32_15-45-10_F01.png,2026-03-31 15:45:10,2026-03-26 08:00:06,0.0,22.4,61.5,,False,True,,manual,approved
RUL_FINAL,strawberry,F01,F01,C:\Users\admin\Desktop\Strawberry-RUL-prediction\data\02_processed\final\F01\2026-03-31_16-00-10_frame-33_F01.png,C:\Users\admin\Desktop\Strawberry-RUL-prediction\data\02_processed\assigned_31-03-2026\F01\frame-33_16-00-10_F01.png,2026-03-31 16:00:10,2026-03-26 08:00:06,0.0,21.4,57.2,,False,True,,manual,approved
RUL_FINAL,strawberry,F01,F01,C:\Users\admin\Desktop\Strawberry-RUL-prediction\data\02_processed\final\F01\2026-03-31_16-15-10_frame-34_F01.png,C:\Users\admin\Desktop\Strawberry-RUL-prediction\data\02_processed\assigned_31-03-2026\F01\frame-34_16-15-10_F01.png,2026-03-31 16:15:10,2026-03-26 08:00:06,0.0,21.3,58.5,,False,True,,manual,approved
RUL_FINAL,strawberry,F01,F01,C:\Users\admin\Desktop\Strawberry-RUL-prediction\data\02_processed\final\F01\2026-03-31_16-30-10_frame-35_F01.png,C:\Users\admin\Desktop\Strawberry-RUL-prediction\data\02_processed\assigned_31-03-2026\F01\frame-35_16-30-10_F01.png,2026-03-31 16:30:10,2026-03-26 08:00:06,0.0,22.8,57.4,,False,True,,manual,approved
RUL_FINAL,strawberry,F01,F01,C:\Users\admin\Desktop\Strawberry-RUL-prediction\data\02_processed\final\F01\2026-03-31_16-45-10_frame-36_F01.png,C:\Users\admin\Desktop\Strawberry-RUL-prediction\data\02_processed\assigned_31-03-2026\F01\frame-36_16-45-10_F01.png,2026-03-31 16:45:10,2026-03-26 08:00:06,0.0,21.2,64.6,,False,True,,manual,approved
RUL_FINAL,strawberry,F01,F01,C:\Users\admin\Desktop\Strawberry-RUL-prediction\data\02_processed\final\F01\2026-03-31_17-00-10_frame-37_F01.png,C:\Users\admin\Desktop\Strawberry-RUL-prediction\data\02_processed\assigned_31-03-2026\F01\frame-37_17-00-10_F01.png,2026-03-31 17:00:10,2026-03-26 08:00:06,0.0,22.2,61.8,,False,True,,manual,approved
RUL_FINAL,strawberry,F01,F01,C:\Users\admin\Desktop\Strawberry-RUL-prediction\data\02_processed\final\F01\2026-03-31_17-15-10_frame-38_F01.png,C:\Users\admin\Desktop\Strawberry-RUL-prediction\data\02_processed\assigned_31-03-2026\F01\frame-38_17-15-10_F01.png,2026-03-31 17:15:10,2026-03-26 08:00:06,0.0,22.3,58.3,,False,True,,manual,approved
RUL_FINAL,strawberry,F01,F01,C:\Users\admin\Desktop\Strawberry-RUL-prediction\data\02_processed\final\F01\2026-03-31_17-30-10_frame-39_F01.png,C:\Users\admin\Desktop\Strawberry-RUL-prediction\data\02_processed\assigned_31-03-2026\F01\frame-39_17-30-10_F01.png,2026-03-31 17:30:10,2026-03-26 08:00:06,0.0,22.8,59.6,,False,True,,manual,approved
RUL_FINAL,strawberry,F01,F01,C:\Users\admin\Desktop\Strawberry-RUL-prediction\data\02_processed\final\F01\2026-03-31_17-45-10_frame-40_F01.png,C:\Users\admin\Desktop\Strawberry-RUL-prediction\data\02_processed\assigned_31-03-2026\F01\frame-40_17-45-10_F01.png,2026-03-31 17:45:10,2026-03-26 08:00:06,0.0,22.2,55.2,,False,True,,manual,approved
RUL_FINAL,strawberry,F01,F01,C:\Users\admin\Desktop\Strawberry-RUL-prediction\data\02_processed\final\F01\2026-03-31_18-00-11_frame-41_F01.png,C:\Users\admin\Desktop\Strawberry-RUL-prediction\data\02_processed\assigned_31-03-2026\F01\frame-41_18-00-11_F01.png,2026-03-31 18:00:11,2026-03-26 08:00:06,0.0,22.2,62.6,,False,True,,manual,approved
RUL_FINAL,strawberry,F01,F01,C:\Users\admin\Desktop\Strawberry-RUL-prediction\data\02_processed\final\F01\2026-03-31_18-15-11_frame-42_F01.png,C:\Users\admin\Desktop\Strawberry-RUL-prediction\data\02_processed\assigned_31-03-2026\F01\frame-42_18-15-11_F01.png,2026-03-31 18:15:11,2026-03-26 08:00:06,0.0,22.7,62.7,,False,True,,manual,approved
RUL_FINAL,strawberry,F01,F01,C:\Users\admin\Desktop\Strawberry-RUL-prediction\data\02_processed\final\F01\2026-03-31_18-30-11_frame-43_F01.png,C:\Users\admin\Desktop\Strawberry-RUL-prediction\data\02_processed\assigned_31-03-2026\F01\frame-43_18-30-11_F01.png,2026-03-31 18:30:11,2026-03-26 08:00:06,0.0,22.0,56.8,,False,True,,manual,approved
RUL_FINAL,strawberry,F01,F01,C:\Users\admin\Desktop\Strawberry-RUL-prediction\data\02_processed\final\F01\2026-03-31_18-45-11_frame-44_F01.png,C:\Users\admin\Desktop\Strawberry-RUL-prediction\data\02_processed\assigned_31-03-2026\F01\frame-44_18-45-11_F01.png,2026-03-31 18:45:11,2026-03-26 08:00:06,0.0,21.5,57.9,,False,True,,manual,approved
RUL_FINAL,strawberry,F01,F01,C:\Users\admin\Desktop\Strawberry-RUL-prediction\data\02_processed\final\F01\2026-03-31_19-00-11_frame-45_F01.png,C:\Users\admin\Desktop\Strawberry-RUL-prediction\data\02_processed\assigned_31-03-2026\F01\frame-45_19-00-11_F01.png,2026-03-31 19:00:11,2026-03-26 08:00:06,0.0,22.1,60.4,,False,True,,manual,approved
RUL_FINAL,strawberry,F01,F01,C:\Users\admin\Desktop\Strawberry-RUL-prediction\data\02_processed\final\F01\2026-03-31_19-15-11_frame-46_F01.png,C:\Users\admin\Desktop\Strawberry-RUL-prediction\data\02_processed\assigned_31-03-2026\F01\frame-46_19-15-11_F01.png,2026-03-31 19:15:11,2026-03-26 08:00:06,0.0,22.5,62.7,,False,True,,manual,approved
RUL_FINAL,strawberry,F01,F01,C:\Users\admin\Desktop\Strawberry-RUL-prediction\data\02_processed\final\F01\2026-03-31_19-30-11_frame-47_F01.png,C:\Users\admin\Desktop\Strawberry-RUL-prediction\data\02_processed\assigned_31-03-2026\F01\frame-47_19-30-11_F01.png,2026-03-31 19:30:11,2026-03-26 08:00:06,0.0,21.9,59.4,,False,True,,manual,approved
RUL_FINAL,strawberry,F01,F01,C:\Users\admin\Desktop\Strawberry-RUL-prediction\data\02_processed\final\F01\2026-04-01_08-00-06_frame-1_F01.png,C:\Users\admin\Desktop\Strawberry-RUL-prediction\data\02_processed\assigned_01-04-2026\F01\frame-1_08-00-06_F01.png,2026-04-01 08:00:06,2026-03-26 08:00:06,0.0,21.8,55.6,,False,True,,manual,approved
RUL_FINAL,strawberry,F01,F01,C:\Users\admin\Desktop\Strawberry-RUL-prediction\data\02_processed\final\F01\2026-04-01_08-15-06_frame-2_F01.png,C:\Users\admin\Desktop\Strawberry-RUL-prediction\data\02_processed\assigned_01-04-2026\F01\frame-2_08-15-06_F01.png,2026-04-01 08:15:06,2026-03-26 08:00:06,0.0,21.9,63.0,,False,True,,manual,approved
RUL_FINAL,strawberry,F01,F01,C:\Users\admin\Desktop\Strawberry-RUL-prediction\data\02_processed\final\F01\2026-04-01_08-30-06_frame-3_F01.png,C:\Users\admin\Desktop\Strawberry-RUL-prediction\data\02_processed\assigned_01-04-2026\F01\frame-3_08-30-06_F01.png,2026-04-01 08:30:06,2026-03-26 08:00:06,0.0,21.5,61.4,,False,True,,manual,approved
RUL_FINAL,strawberry,F01,F01,C:\Users\admin\Desktop\Strawberry-RUL-prediction\data\02_processed\final\F01\2026-04-01_08-45-07_frame-4_F01.png,C:\Users\admin\Desktop\Strawberry-RUL-prediction\data\02_processed\assigned_01-04-2026\F01\frame-4_08-45-07_F01.png,2026-04-01 08:45:07,2026-03-26 08:00:06,0.0,23.0,58.5,,False,True,,manual,approved
RUL_FINAL,strawberry,F01,F01,C:\Users\admin\Desktop\Strawberry-RUL-prediction\data\02_processed\final\F01\2026-04-01_09-00-07_frame-5_F01.png,C:\Users\admin\Desktop\Strawberry-RUL-prediction\data\02_processed\assigned_01-04-2026\F01\frame-5_09-00-07_F01.png,2026-04-01 09:00:07,2026-03-26 08:00:06,0.0,22.2,60.6,,False,True,,manual,approved
RUL_FINAL,strawberry,F01,F01,C:\Users\admin\Desktop\Strawberry-RUL-prediction\data\02_processed\final\F01\2026-04-01_09-15-07_frame-6_F01.png,C:\Users\admin\Desktop\Strawberry-RUL-prediction\data\02_processed\assigned_01-04-2026\F01\frame-6_09-15-07_F01.png,2026-04-01 09:15:07,2026-03-26 08:00:06,0.0,22.3,59.2,,False,True,,manual,approved
RUL_FINAL,strawberry,F01,F01,C:\Users\admin\Desktop\Strawberry-RUL-prediction\data\02_processed\final\F01\2026-04-01_09-30-07_frame-7_F01.png,C:\Users\admin\Desktop\Strawberry-RUL-prediction\data\02_processed\assigned_01-04-2026\F01\frame-7_09-30-07_F01.png,2026-04-01 09:30:07,2026-03-26 08:00:06,0.0,22.6,63.6,,False,True,,manual,approved
RUL_FINAL,strawberry,F01,F01,C:\Users\admin\Desktop\Strawberry-RUL-prediction\data\02_processed\final\F01\2026-04-01_09-45-07_frame-8_F01.png,C:\Users\admin\Desktop\Strawberry-RUL-prediction\data\02_processed\assigned_01-04-2026\F01\frame-8_09-45-07_F01.png,2026-04-01 09:45:07,2026-03-26 08:00:06,0.0,21.2,59.3,,False,True,,manual,approved
RUL_FINAL,strawberry,F01,F01,C:\Users\admin\Desktop\Strawberry-RUL-prediction\data\02_processed\final\F01\2026-04-01_10-00-07_frame-9_F01.png,C:\Users\admin\Desktop\Strawberry-RUL-prediction\data\02_processed\assigned_01-04-2026\F01\frame-9_10-00-07_F01.png,2026-04-01 10:00:07,2026-03-26 08:00:06,0.0,21.7,62.1,,False,True,,manual,approved
RUL_FINAL,strawberry,F01,F01,C:\Users\admin\Desktop\Strawberry-RUL-prediction\data\02_processed\final\F01\2026-04-01_10-15-07_frame-10_F01.png,C:\Users\admin\Desktop\Strawberry-RUL-prediction\data\02_processed\assigned_01-04-2026\F01\frame-10_10-15-07_F01.png,2026-04-01 10:15:07,2026-03-26 08:00:06,0.0,22.3,60.8,,False,True,,manual,approved
RUL_FINAL,strawberry,F01,F01,C:\Users\admin\Desktop\Strawberry-RUL-prediction\data\02_processed\final\F01\2026-04-01_10-30-07_frame-11_F01.png,C:\Users\admin\Desktop\Strawberry-RUL-prediction\data\02_processed\assigned_01-04-2026\F01\frame-11_10-30-07_F01.png,2026-04-01 10:30:07,2026-03-26 08:00:06,0.0,21.4,57.1,,False,True,,manual,approved
RUL_FINAL,strawberry,F01,F01,C:\Users\admin\Desktop\Strawberry-RUL-prediction\data\02_processed\final\F01\2026-04-01_10-45-07_frame-12_F01.png,C:\Users\admin\Desktop\Strawberry-RUL-prediction\data\02_processed\assigned_01-04-2026\F01\frame-12_10-45-07_F01.png,2026-04-01 10:45:07,2026-03-26 08:00:06,0.0,21.2,59.3,,False,True,,manual,approved
RUL_FINAL,strawberry,F01,F01,C:\Users\admin\Desktop\Strawberry-RUL-prediction\data\02_processed\final\F01\2026-04-01_11-00-07_frame-13_F01.png,C:\Users\admin\Desktop\Strawberry-RUL-prediction\data\02_processed\assigned_01-04-2026\F01\frame-13_11-00-07_F01.png,2026-04-01 11:00:07,2026-03-26 08:00:06,0.0,22.2,61.2,,False,True,,manual,approved
RUL_FINAL,strawberry,F01,F01,C:\Users\admin\Desktop\Strawberry-RUL-prediction\data\02_processed\final\F01\2026-04-01_11-15-08_frame-14_F01.png,C:\Users\admin\Desktop\Strawberry-RUL-prediction\data\02_processed\assigned_01-04-2026\F01\frame-14_11-15-08_F01.png,2026-04-01 11:15:08,2026-03-26 08:00:06,0.0,22.2,60.2,,False,True,,manual,approved
RUL_FINAL,strawberry,F01,F01,C:\Users\admin\Desktop\Strawberry-RUL-prediction\data\02_processed\final\F01\2026-04-01_11-30-08_frame-15_F01.png,C:\Users\admin\Desktop\Strawberry-RUL-prediction\data\02_processed\assigned_01-04-2026\F01\frame-15_11-30-08_F01.png,2026-04-01 11:30:08,2026-03-26 08:00:06,0.0,22.5,61.3,,False,True,,manual,approved
RUL_FINAL,strawberry,F01,F01,C:\Users\admin\Desktop\Strawberry-RUL-prediction\data\02_processed\final\F01\2026-04-01_11-45-08_frame-16_F01.png,C:\Users\admin\Desktop\Strawberry-RUL-prediction\data\02_processed\assigned_01-04-2026\F01\frame-16_11-45-08_F01.png,2026-04-01 11:45:08,2026-03-26 08:00:06,0.0,21.1,63.6,,False,True,,manual,approved
RUL_FINAL,strawberry,F01,F01,C:\Users\admin\Desktop\Strawberry-RUL-prediction\data\02_processed\final\F01\2026-04-01_12-00-08_frame-17_F01.png,C:\Users\admin\Desktop\Strawberry-RUL-prediction\data\02_processed\assigned_01-04-2026\F01\frame-17_12-00-08_F01.png,2026-04-01 12:00:08,2026-03-26 08:00:06,0.0,22.7,63.2,,False,True,,manual,approved
RUL_FINAL,strawberry,F01,F01,C:\Users\admin\Desktop\Strawberry-RUL-prediction\data\02_processed\final\F01\2026-04-01_12-15-08_frame-18_F01.png,C:\Users\admin\Desktop\Strawberry-RUL-prediction\data\02_processed\assigned_01-04-2026\F01\frame-18_12-15-08_F01.png,2026-04-01 12:15:08,2026-03-26 08:00:06,0.0,22.9,64.3,,False,True,,manual,approved
RUL_FINAL,strawberry,F01,F01,C:\Users\admin\Desktop\Strawberry-RUL-prediction\data\02_processed\final\F01\2026-04-01_12-30-08_frame-19_F01.png,C:\Users\admin\Desktop\Strawberry-RUL-prediction\data\02_processed\assigned_01-04-2026\F01\frame-19_12-30-08_F01.png,2026-04-01 12:30:08,2026-03-26 08:00:06,0.0,21.2,57.3,,False,True,,manual,approved
RUL_FINAL,strawberry,F01,F01,C:\Users\admin\Desktop\Strawberry-RUL-prediction\data\02_processed\final\F01\2026-04-01_12-45-08_frame-20_F01.png,C:\Users\admin\Desktop\Strawberry-RUL-prediction\data\02_processed\assigned_01-04-2026\F01\frame-20_12-45-08_F01.png,2026-04-01 12:45:08,2026-03-26 08:00:06,0.0,21.3,55.6,,False,True,,manual,approved
RUL_FINAL,strawberry,F01,F01,C:\Users\admin\Desktop\Strawberry-RUL-prediction\data\02_processed\final\F01\2026-04-01_13-00-08_frame-21_F01.png,C:\Users\admin\Desktop\Strawberry-RUL-prediction\data\02_processed\assigned_01-04-2026\F01\frame-21_13-00-08_F01.png,2026-04-01 13:00:08,2026-03-26 08:00:06,0.0,21.7,59.4,,False,True,,manual,approved
RUL_FINAL,strawberry,F01,F01,C:\Users\admin\Desktop\Strawberry-RUL-prediction\data\02_processed\final\F01\2026-04-01_13-15-09_frame-22_F01.png,C:\Users\admin\Desktop\Strawberry-RUL-prediction\data\02_processed\assigned_01-04-2026\F01\frame-22_13-15-09_F01.png,2026-04-01 13:15:09,2026-03-26 08:00:06,0.0,22.4,60.0,,False,True,,manual,approved
RUL_FINAL,strawberry,F01,F01,C:\Users\admin\Desktop\Strawberry-RUL-prediction\data\02_processed\final\F01\2026-04-01_13-30-09_frame-23_F01.png,C:\Users\admin\Desktop\Strawberry-RUL-prediction\data\02_processed\assigned_01-04-2026\F01\frame-23_13-30-09_F01.png,2026-04-01 13:30:09,2026-03-26 08:00:06,0.0,21.2,57.2,,False,True,,manual,approved
RUL_FINAL,strawberry,F01,F01,C:\Users\admin\Desktop\Strawberry-RUL-prediction\data\02_processed\final\F01\2026-04-01_13-45-09_frame-24_F01.png,C:\Users\admin\Desktop\Strawberry-RUL-prediction\data\02_processed\assigned_01-04-2026\F01\frame-24_13-45-09_F01.png,2026-04-01 13:45:09,2026-03-26 08:00:06,0.0,22.9,55.6,,False,True,,manual,approved
RUL_FINAL,strawberry,F01,F01,C:\Users\admin\Desktop\Strawberry-RUL-prediction\data\02_processed\final\F01\2026-04-01_14-00-09_frame-25_F01.png,C:\Users\admin\Desktop\Strawberry-RUL-prediction\data\02_processed\assigned_01-04-2026\F01\frame-25_14-00-09_F01.png,2026-04-01 14:00:09,2026-03-26 08:00:06,0.0,22.5,59.3,,False,True,,manual,approved
RUL_FINAL,strawberry,F01,F01,C:\Users\admin\Desktop\Strawberry-RUL-prediction\data\02_processed\final\F01\2026-04-01_14-15-09_frame-26_F01.png,C:\Users\admin\Desktop\Strawberry-RUL-prediction\data\02_processed\assigned_01-04-2026\F01\frame-26_14-15-09_F01.png,2026-04-01 14:15:09,2026-03-26 08:00:06,0.0,22.8,61.8,,False,True,,manual,approved
RUL_FINAL,strawberry,F01,F01,C:\Users\admin\Desktop\Strawberry-RUL-prediction\data\02_processed\final\F01\2026-04-01_14-30-09_frame-27_F01.png,C:\Users\admin\Desktop\Strawberry-RUL-prediction\data\02_processed\assigned_01-04-2026\F01\frame-27_14-30-09_F01.png,2026-04-01 14:30:09,2026-03-26 08:00:06,0.0,22.6,61.5,,False,True,,manual,approved
RUL_FINAL,strawberry,F01,F01,C:\Users\admin\Desktop\Strawberry-RUL-prediction\data\02_processed\final\F01\2026-04-01_14-45-09_frame-28_F01.png,C:\Users\admin\Desktop\Strawberry-RUL-prediction\data\02_processed\assigned_01-04-2026\F01\frame-28_14-45-09_F01.png,2026-04-01 14:45:09,2026-03-26 08:00:06,0.0,21.9,57.8,,False,True,,manual,approved
RUL_FINAL,strawberry,F01,F01,C:\Users\admin\Desktop\Strawberry-RUL-prediction\data\02_processed\final\F01\2026-04-01_15-00-09_frame-29_F01.png,C:\Users\admin\Desktop\Strawberry-RUL-prediction\data\02_processed\assigned_01-04-2026\F01\frame-29_15-00-09_F01.png,2026-04-01 15:00:09,2026-03-26 08:00:06,0.0,22.8,60.5,,False,True,,manual,approved
RUL_FINAL,strawberry,F01,F01,C:\Users\admin\Desktop\Strawberry-RUL-prediction\data\02_processed\final\F01\2026-04-01_15-15-10_frame-30_F01.png,C:\Users\admin\Desktop\Strawberry-RUL-prediction\data\02_processed\assigned_01-04-2026\F01\frame-30_15-15-10_F01.png,2026-04-01 15:15:10,2026-03-26 08:00:06,0.0,21.3,64.5,,False,True,,manual,approved
RUL_FINAL,strawberry,F01,F01,C:\Users\admin\Desktop\Strawberry-RUL-prediction\data\02_processed\final\F01\2026-04-01_15-30-10_frame-31_F01.png,C:\Users\admin\Desktop\Strawberry-RUL-prediction\data\02_processed\assigned_01-04-2026\F01\frame-31_15-30-10_F01.png,2026-04-01 15:30:10,2026-03-26 08:00:06,0.0,21.1,59.4,,False,True,,manual,approved
RUL_FINAL,strawberry,F01,F01,C:\Users\admin\Desktop\Strawberry-RUL-prediction\data\02_processed\final\F01\2026-04-01_15-45-10_frame-32_F01.png,C:\Users\admin\Desktop\Strawberry-RUL-prediction\data\02_processed\assigned_01-04-2026\F01\frame-32_15-45-10_F01.png,2026-04-01 15:45:10,2026-03-26 08:00:06,0.0,21.0,58.0,,False,True,,manual,approved
RUL_FINAL,strawberry,F01,F01,C:\Users\admin\Desktop\Strawberry-RUL-prediction\data\02_processed\final\F01\2026-04-01_16-00-10_frame-33_F01.png,C:\Users\admin\Desktop\Strawberry-RUL-prediction\data\02_processed\assigned_01-04-2026\F01\frame-33_16-00-10_F01.png,2026-04-01 16:00:10,2026-03-26 08:00:06,0.0,22.4,60.1,,False,True,,manual,approved
RUL_FINAL,strawberry,F01,F01,C:\Users\admin\Desktop\Strawberry-RUL-prediction\data\02_processed\final\F01\2026-04-01_16-15-10_frame-34_F01.png,C:\Users\admin\Desktop\Strawberry-RUL-prediction\data\02_processed\assigned_01-04-2026\F01\frame-34_16-15-10_F01.png,2026-04-01 16:15:10,2026-03-26 08:00:06,0.0,21.0,62.5,,False,True,,manual,approved
RUL_FINAL,strawberry,F01,F01,C:\Users\admin\Desktop\Strawberry-RUL-prediction\data\02_processed\final\F01\2026-04-01_16-30-10_frame-35_F01.png,C:\Users\admin\Desktop\Strawberry-RUL-prediction\data\02_processed\assigned_01-04-2026\F01\frame-35_16-30-10_F01.png,2026-04-01 16:30:10,2026-03-26 08:00:06,0.0,21.8,55.1,,False,True,,manual,approved
RUL_FINAL,strawberry,F01,F01,C:\Users\admin\Desktop\Strawberry-RUL-prediction\data\02_processed\final\F01\2026-04-01_16-45-10_frame-36_F01.png,C:\Users\admin\Desktop\Strawberry-RUL-prediction\data\02_processed\assigned_01-04-2026\F01\frame-36_16-45-10_F01.png,2026-04-01 16:45:10,2026-03-26 08:00:06,0.0,22.7,63.8,,False,True,,manual,approved
RUL_FINAL,strawberry,F01,F01,C:\Users\admin\Desktop\Strawberry-RUL-prediction\data\02_processed\final\F01\2026-04-01_17-00-10_frame-37_F01.png,C:\Users\admin\Desktop\Strawberry-RUL-prediction\data\02_processed\assigned_01-04-2026\F01\frame-37_17-00-10_F01.png,2026-04-01 17:00:10,2026-03-26 08:00:06,0.0,21.9,62.0,,False,True,,manual,approved
RUL_FINAL,strawberry,F01,F01,C:\Users\admin\Desktop\Strawberry-RUL-prediction\data\02_processed\final\F01\2026-04-01_17-15-10_frame-38_F01.png,C:\Users\admin\Desktop\Strawberry-RUL-prediction\data\02_processed\assigned_01-04-2026\F01\frame-38_17-15-10_F01.png,2026-04-01 17:15:10,2026-03-26 08:00:06,0.0,21.6,56.0,,False,True,,manual,approved
RUL_FINAL,strawberry,F01,F01,C:\Users\admin\Desktop\Strawberry-RUL-prediction\data\02_processed\final\F01\2026-04-01_17-30-10_frame-39_F01.png,C:\Users\admin\Desktop\Strawberry-RUL-prediction\data\02_processed\assigned_01-04-2026\F01\frame-39_17-30-10_F01.png,2026-04-01 17:30:10,2026-03-26 08:00:06,0.0,21.2,63.8,,False,True,,manual,approved
RUL_FINAL,strawberry,F01,F01,C:\Users\admin\Desktop\Strawberry-RUL-prediction\data\02_processed\final\F01\2026-04-01_17-45-10_frame-40_F01.png,C:\Users\admin\Desktop\Strawberry-RUL-prediction\data\02_processed\assigned_01-04-2026\F01\frame-40_17-45-10_F01.png,2026-04-01 17:45:10,2026-03-26 08:00:06,0.0,22.9,56.2,,False,True,,manual,approved
RUL_FINAL,strawberry,F01,F01,C:\Users\admin\Desktop\Strawberry-RUL-prediction\data\02_processed\final\F01\2026-04-01_18-00-11_frame-41_F01.png,C:\Users\admin\Desktop\Strawberry-RUL-prediction\data\02_processed\assigned_01-04-2026\F01\frame-41_18-00-11_F01.png,2026-04-01 18:00:11,2026-03-26 08:00:06,0.0,22.3,64.4,,False,True,,manual,approved
RUL_FINAL,strawberry,F01,F01,C:\Users\admin\Desktop\Strawberry-RUL-prediction\data\02_processed\final\F01\2026-04-01_18-15-11_frame-42_F01.png,C:\Users\admin\Desktop\Strawberry-RUL-prediction\data\02_processed\assigned_01-04-2026\F01\frame-42_18-15-11_F01.png,2026-04-01 18:15:11,2026-03-26 08:00:06,0.0,23.0,57.4,,False,True,,manual,approved
RUL_FINAL,strawberry,F01,F01,C:\Users\admin\Desktop\Strawberry-RUL-prediction\data\02_processed\final\F01\2026-04-01_18-30-11_frame-43_F01.png,C:\Users\admin\Desktop\Strawberry-RUL-prediction\data\02_processed\assigned_01-04-2026\F01\frame-43_18-30-11_F01.png,2026-04-01 18:30:11,2026-03-26 08:00:06,0.0,22.1,59.6,,False,True,,manual,approved
RUL_FINAL,strawberry,F01,F01,C:\Users\admin\Desktop\Strawberry-RUL-prediction\data\02_processed\final\F01\2026-04-01_18-45-11_frame-44_F01.png,C:\Users\admin\Desktop\Strawberry-RUL-prediction\data\02_processed\assigned_01-04-2026\F01\frame-44_18-45-11_F01.png,2026-04-01 18:45:11,2026-03-26 08:00:06,0.0,22.9,59.2,,False,True,,manual,approved
RUL_FINAL,strawberry,F01,F01,C:\Users\admin\Desktop\Strawberry-RUL-prediction\data\02_processed\final\F01\2026-04-01_19-00-11_frame-45_F01.png,C:\Users\admin\Desktop\Strawberry-RUL-prediction\data\02_processed\assigned_01-04-2026\F01\frame-45_19-00-11_F01.png,2026-04-01 19:00:11,2026-03-26 08:00:06,0.0,22.7,58.7,,False,True,,manual,approved
RUL_FINAL,strawberry,F01,F01,C:\Users\admin\Desktop\Strawberry-RUL-prediction\data\02_processed\final\F01\2026-04-01_19-15-11_frame-46_F01.png,C:\Users\admin\Desktop\Strawberry-RUL-prediction\data\02_processed\assigned_01-04-2026\F01\frame-46_19-15-11_F01.png,2026-04-01 19:15:11,2026-03-26 08:00:06,0.0,22.5,59.5,,False,True,,manual,approved
RUL_FINAL,strawberry,F01,F01,C:\Users\admin\Desktop\Strawberry-RUL-prediction\data\02_processed\final\F01\2026-04-01_19-30-11_frame-47_F01.png,C:\Users\admin\Desktop\Strawberry-RUL-prediction\data\02_processed\assigned_01-04-2026\F01\frame-47_19-30-11_F01.png,2026-04-01 19:30:11,2026-03-26 08:00:06,0.0,22.3,57.6,,False,True,,manual,approved
RUL_FINAL,strawberry,F01,F01,C:\Users\admin\Desktop\Strawberry-RUL-prediction\data\02_processed\final\F01\2026-04-02_08-00-06_frame-1_F01.png,C:\Users\admin\Desktop\Strawberry-RUL-prediction\data\02_processed\assigned_02-04-2026\F01\frame-1_08-00-06_F01.png,2026-04-02 08:00:06,2026-03-26 08:00:06,0.0,22.0,59.1,,False,True,,manual,approved
RUL_FINAL,strawberry,F01,F01,C:\Users\admin\Desktop\Strawberry-RUL-prediction\data\02_processed\final\F01\2026-04-02_08-15-07_frame-2_F01.png,C:\Users\admin\Desktop\Strawberry-RUL-prediction\data\02_processed\assigned_02-04-2026\F01\frame-2_08-15-07_F01.png,2026-04-02 08:15:07,2026-03-26 08:00:06,0.0,21.9,61.1,,False,True,,manual,approved
RUL_FINAL,strawberry,F01,F01,C:\Users\admin\Desktop\Strawberry-RUL-prediction\data\02_processed\final\F01\2026-04-02_08-30-07_frame-3_F01.png,C:\Users\admin\Desktop\Strawberry-RUL-prediction\data\02_processed\assigned_02-04-2026\F01\frame-3_08-30-07_F01.png,2026-04-02 08:30:07,2026-03-26 08:00:06,0.0,21.7,64.3,,False,True,,manual,approved
RUL_FINAL,strawberry,F01,F01,C:\Users\admin\Desktop\Strawberry-RUL-prediction\data\02_processed\final\F01\2026-04-02_08-45-07_frame-4_F01.png,C:\Users\admin\Desktop\Strawberry-RUL-prediction\data\02_processed\assigned_02-04-2026\F01\frame-4_08-45-07_F01.png,2026-04-02 08:45:07,2026-03-26 08:00:06,0.0,22.8,58.5,,False,True,,manual,approved
RUL_FINAL,strawberry,F01,F01,C:\Users\admin\Desktop\Strawberry-RUL-prediction\data\02_processed\final\F01\2026-04-02_09-00-07_frame-5_F01.png,C:\Users\admin\Desktop\Strawberry-RUL-prediction\data\02_processed\assigned_02-04-2026\F01\frame-5_09-00-07_F01.png,2026-04-02 09:00:07,2026-03-26 08:00:06,0.0,22.6,59.2,,False,True,,manual,approved
RUL_FINAL,strawberry,F01,F01,C:\Users\admin\Desktop\Strawberry-RUL-prediction\data\02_processed\final\F01\2026-04-02_09-15-07_frame-6_F01.png,C:\Users\admin\Desktop\Strawberry-RUL-prediction\data\02_processed\assigned_02-04-2026\F01\frame-6_09-15-07_F01.png,2026-04-02 09:15:07,2026-03-26 08:00:06,0.0,21.6,57.2,,False,True,,manual,approved
RUL_FINAL,strawberry,F01,F01,C:\Users\admin\Desktop\Strawberry-RUL-prediction\data\02_processed\final\F01\2026-04-02_09-30-07_frame-7_F01.png,C:\Users\admin\Desktop\Strawberry-RUL-prediction\data\02_processed\assigned_02-04-2026\F01\frame-7_09-30-07_F01.png,2026-04-02 09:30:07,2026-03-26 08:00:06,0.0,22.8,55.9,,False,True,,manual,approved
RUL_FINAL,strawberry,F01,F01,C:\Users\admin\Desktop\Strawberry-RUL-prediction\data\02_processed\final\F01\2026-04-02_09-45-07_frame-8_F01.png,C:\Users\admin\Desktop\Strawberry-RUL-prediction\data\02_processed\assigned_02-04-2026\F01\frame-8_09-45-07_F01.png,2026-04-02 09:45:07,2026-03-26 08:00:06,0.0,22.9,60.8,,False,True,,manual,approved
RUL_FINAL,strawberry,F01,F01,C:\Users\admin\Desktop\Strawberry-RUL-prediction\data\02_processed\final\F01\2026-04-02_10-00-07_frame-9_F01.png,C:\Users\admin\Desktop\Strawberry-RUL-prediction\data\02_processed\assigned_02-04-2026\F01\frame-9_10-00-07_F01.png,2026-04-02 10:00:07,2026-03-26 08:00:06,0.0,21.3,58.1,,False,True,,manual,approved
RUL_FINAL,strawberry,F01,F01,C:\Users\admin\Desktop\Strawberry-RUL-prediction\data\02_processed\final\F01\2026-04-02_10-15-07_frame-10_F01.png,C:\Users\admin\Desktop\Strawberry-RUL-prediction\data\02_processed\assigned_02-04-2026\F01\frame-10_10-15-07_F01.png,2026-04-02 10:15:07,2026-03-26 08:00:06,0.0,21.8,62.9,,False,True,,manual,approved
RUL_FINAL,strawberry,F01,F01,C:\Users\admin\Desktop\Strawberry-RUL-prediction\data\02_processed\final\F01\2026-04-02_10-30-08_frame-11_F01.png,C:\Users\admin\Desktop\Strawberry-RUL-prediction\data\02_processed\assigned_02-04-2026\F01\frame-11_10-30-08_F01.png,2026-04-02 10:30:08,2026-03-26 08:00:06,0.0,22.3,62.7,,False,True,,manual,approved
RUL_FINAL,strawberry,F01,F01,C:\Users\admin\Desktop\Strawberry-RUL-prediction\data\02_processed\final\F01\2026-04-02_10-45-08_frame-12_F01.png,C:\Users\admin\Desktop\Strawberry-RUL-prediction\data\02_processed\assigned_02-04-2026\F01\frame-12_10-45-08_F01.png,2026-04-02 10:45:08,2026-03-26 08:00:06,0.0,22.6,60.3,,False,True,,manual,approved
RUL_FINAL,strawberry,F01,F01,C:\Users\admin\Desktop\Strawberry-RUL-prediction\data\02_processed\final\F01\2026-04-02_11-00-08_frame-13_F01.png,C:\Users\admin\Desktop\Strawberry-RUL-prediction\data\02_processed\assigned_02-04-2026\F01\frame-13_11-00-08_F01.png,2026-04-02 11:00:08,2026-03-26 08:00:06,0.0,21.9,64.2,,False,True,,manual,approved
RUL_FINAL,strawberry,F01,F01,C:\Users\admin\Desktop\Strawberry-RUL-prediction\data\02_processed\final\F01\2026-04-02_11-15-08_frame-14_F01.png,C:\Users\admin\Desktop\Strawberry-RUL-prediction\data\02_processed\assigned_02-04-2026\F01\frame-14_11-15-08_F01.png,2026-04-02 11:15:08,2026-03-26 08:00:06,0.0,22.5,59.8,,False,True,,manual,approved
RUL_FINAL,strawberry,F01,F01,C:\Users\admin\Desktop\Strawberry-RUL-prediction\data\02_processed\final\F01\2026-04-02_11-30-08_frame-15_F01.png,C:\Users\admin\Desktop\Strawberry-RUL-prediction\data\02_processed\assigned_02-04-2026\F01\frame-15_11-30-08_F01.png,2026-04-02 11:30:08,2026-03-26 08:00:06,0.0,22.1,62.6,,False,True,,manual,approved
RUL_FINAL,strawberry,F01,F01,C:\Users\admin\Desktop\Strawberry-RUL-prediction\data\02_processed\final\F01\2026-04-02_11-45-08_frame-16_F01.png,C:\Users\admin\Desktop\Strawberry-RUL-prediction\data\02_processed\assigned_02-04-2026\F01\frame-16_11-45-08_F01.png,2026-04-02 11:45:08,2026-03-26 08:00:06,0.0,22.3,62.5,,False,True,,manual,approved
RUL_FINAL,strawberry,F01,F01,C:\Users\admin\Desktop\Strawberry-RUL-prediction\data\02_processed\final\F01\2026-04-02_12-00-08_frame-17_F01.png,C:\Users\admin\Desktop\Strawberry-RUL-prediction\data\02_processed\assigned_02-04-2026\F01\frame-17_12-00-08_F01.png,2026-04-02 12:00:08,2026-03-26 08:00:06,0.0,22.4,56.3,,False,True,,manual,approved
RUL_FINAL,strawberry,F01,F01,C:\Users\admin\Desktop\Strawberry-RUL-prediction\data\02_processed\final\F01\2026-04-02_12-15-08_frame-18_F01.png,C:\Users\admin\Desktop\Strawberry-RUL-prediction\data\02_processed\assigned_02-04-2026\F01\frame-18_12-15-08_F01.png,2026-04-02 12:15:08,2026-03-26 08:00:06,0.0,22.3,59.0,,False,True,,manual,approved
RUL_FINAL,strawberry,F01,F01,C:\Users\admin\Desktop\Strawberry-RUL-prediction\data\02_processed\final\F01\2026-04-02_12-30-08_frame-19_F01.png,C:\Users\admin\Desktop\Strawberry-RUL-prediction\data\02_processed\assigned_02-04-2026\F01\frame-19_12-30-08_F01.png,2026-04-02 12:30:08,2026-03-26 08:00:06,0.0,22.9,55.4,,False,True,,manual,approved
RUL_FINAL,strawberry,F01,F01,C:\Users\admin\Desktop\Strawberry-RUL-prediction\data\02_processed\final\F01\2026-04-02_12-45-09_frame-20_F01.png,C:\Users\admin\Desktop\Strawberry-RUL-prediction\data\02_processed\assigned_02-04-2026\F01\frame-20_12-45-09_F01.png,2026-04-02 12:45:09,2026-03-26 08:00:06,0.0,23.0,60.2,,False,True,,manual,approved
RUL_FINAL,strawberry,F01,F01,C:\Users\admin\Desktop\Strawberry-RUL-prediction\data\02_processed\final\F01\2026-04-02_13-00-09_frame-21_F01.png,C:\Users\admin\Desktop\Strawberry-RUL-prediction\data\02_processed\assigned_02-04-2026\F01\frame-21_13-00-09_F01.png,2026-04-02 13:00:09,2026-03-26 08:00:06,0.0,22.6,56.7,,False,True,,manual,approved
RUL_FINAL,strawberry,F01,F01,C:\Users\admin\Desktop\Strawberry-RUL-prediction\data\02_processed\final\F01\2026-04-02_13-15-09_frame-22_F01.png,C:\Users\admin\Desktop\Strawberry-RUL-prediction\data\02_processed\assigned_02-04-2026\F01\frame-22_13-15-09_F01.png,2026-04-02 13:15:09,2026-03-26 08:00:06,0.0,22.1,64.3,,False,True,,manual,approved
RUL_FINAL,strawberry,F01,F01,C:\Users\admin\Desktop\Strawberry-RUL-prediction\data\02_processed\final\F01\2026-04-02_13-30-09_frame-23_F01.png,C:\Users\admin\Desktop\Strawberry-RUL-prediction\data\02_processed\assigned_02-04-2026\F01\frame-23_13-30-09_F01.png,2026-04-02 13:30:09,2026-03-26 08:00:06,0.0,22.2,57.9,,False,True,,manual,approved
RUL_FINAL,strawberry,F01,F01,C:\Users\admin\Desktop\Strawberry-RUL-prediction\data\02_processed\final\F01\2026-04-02_13-45-09_frame-24_F01.png,C:\Users\admin\Desktop\Strawberry-RUL-prediction\data\02_processed\assigned_02-04-2026\F01\frame-24_13-45-09_F01.png,2026-04-02 13:45:09,2026-03-26 08:00:06,0.0,21.6,57.7,,False,True,,manual,approved
RUL_FINAL,strawberry,F01,F01,C:\Users\admin\Desktop\Strawberry-RUL-prediction\data\02_processed\final\F01\2026-04-02_14-00-09_frame-25_F01.png,C:\Users\admin\Desktop\Strawberry-RUL-prediction\data\02_processed\assigned_02-04-2026\F01\frame-25_14-00-09_F01.png,2026-04-02 14:00:09,2026-03-26 08:00:06,0.0,22.3,59.2,,False,True,,manual,approved
RUL_FINAL,strawberry,F01,F01,C:\Users\admin\Desktop\Strawberry-RUL-prediction\data\02_processed\final\F01\2026-04-02_14-15-09_frame-26_F01.png,C:\Users\admin\Desktop\Strawberry-RUL-prediction\data\02_processed\assigned_02-04-2026\F01\frame-26_14-15-09_F01.png,2026-04-02 14:15:09,2026-03-26 08:00:06,0.0,22.6,55.4,,False,True,,manual,approved
RUL_FINAL,strawberry,F01,F01,C:\Users\admin\Desktop\Strawberry-RUL-prediction\data\02_processed\final\F01\2026-04-02_14-30-09_frame-27_F01.png,C:\Users\admin\Desktop\Strawberry-RUL-prediction\data\02_processed\assigned_02-04-2026\F01\frame-27_14-30-09_F01.png,2026-04-02 14:30:09,2026-03-26 08:00:06,0.0,22.4,64.8,,False,True,,manual,approved
RUL_FINAL,strawberry,F01,F01,C:\Users\admin\Desktop\Strawberry-RUL-prediction\data\02_processed\final\F01\2026-04-02_14-45-09_frame-28_F01.png,C:\Users\admin\Desktop\Strawberry-RUL-prediction\data\02_processed\assigned_02-04-2026\F01\frame-28_14-45-09_F01.png,2026-04-02 14:45:09,2026-03-26 08:00:06,0.0,21.6,60.5,,False,True,,manual,approved
RUL_FINAL,strawberry,F01,F01,C:\Users\admin\Desktop\Strawberry-RUL-prediction\data\02_processed\final\F01\2026-04-02_15-00-09_frame-29_F01.png,C:\Users\admin\Desktop\Strawberry-RUL-prediction\data\02_processed\assigned_02-04-2026\F01\frame-29_15-00-09_F01.png,2026-04-02 15:00:09,2026-03-26 08:00:06,0.0,22.3,57.7,,False,True,,manual,approved
RUL_FINAL,strawberry,F01,F01,C:\Users\admin\Desktop\Strawberry-RUL-prediction\data\02_processed\final\F01\2026-04-02_15-15-09_frame-30_F01.png,C:\Users\admin\Desktop\Strawberry-RUL-prediction\data\02_processed\assigned_02-04-2026\F01\frame-30_15-15-09_F01.png,2026-04-02 15:15:09,2026-03-26 08:00:06,0.0,21.8,58.1,,False,True,,manual,approved
RUL_FINAL,strawberry,F01,F01,C:\Users\admin\Desktop\Strawberry-RUL-prediction\data\02_processed\final\F01\2026-04-02_15-30-10_frame-31_F01.png,C:\Users\admin\Desktop\Strawberry-RUL-prediction\data\02_processed\assigned_02-04-2026\F01\frame-31_15-30-10_F01.png,2026-04-02 15:30:10,2026-03-26 08:00:06,0.0,23.0,61.6,,False,True,,manual,approved
RUL_FINAL,strawberry,F01,F01,C:\Users\admin\Desktop\Strawberry-RUL-prediction\data\02_processed\final\F01\2026-04-02_15-45-10_frame-32_F01.png,C:\Users\admin\Desktop\Strawberry-RUL-prediction\data\02_processed\assigned_02-04-2026\F01\frame-32_15-45-10_F01.png,2026-04-02 15:45:10,2026-03-26 08:00:06,0.0,22.4,64.0,,False,True,,manual,approved
RUL_FINAL,strawberry,F01,F01,C:\Users\admin\Desktop\Strawberry-RUL-prediction\data\02_processed\final\F01\2026-04-02_16-00-10_frame-33_F01.png,C:\Users\admin\Desktop\Strawberry-RUL-prediction\data\02_processed\assigned_02-04-2026\F01\frame-33_16-00-10_F01.png,2026-04-02 16:00:10,2026-03-26 08:00:06,0.0,22.9,65.0,,False,True,,manual,approved
RUL_FINAL,strawberry,F01,F01,C:\Users\admin\Desktop\Strawberry-RUL-prediction\data\02_processed\final\F01\2026-04-02_16-15-10_frame-34_F01.png,C:\Users\admin\Desktop\Strawberry-RUL-prediction\data\02_processed\assigned_02-04-2026\F01\frame-34_16-15-10_F01.png,2026-04-02 16:15:10,2026-03-26 08:00:06,0.0,22.8,55.7,,False,True,,manual,approved
RUL_FINAL,strawberry,F01,F01,C:\Users\admin\Desktop\Strawberry-RUL-prediction\data\02_processed\final\F01\2026-04-02_16-30-10_frame-35_F01.png,C:\Users\admin\Desktop\Strawberry-RUL-prediction\data\02_processed\assigned_02-04-2026\F01\frame-35_16-30-10_F01.png,2026-04-02 16:30:10,2026-03-26 08:00:06,0.0,21.8,57.8,,False,True,,manual,approved
RUL_FINAL,strawberry,F01,F01,C:\Users\admin\Desktop\Strawberry-RUL-prediction\data\02_processed\final\F01\2026-04-02_16-45-10_frame-36_F01.png,C:\Users\admin\Desktop\Strawberry-RUL-prediction\data\02_processed\assigned_02-04-2026\F01\frame-36_16-45-10_F01.png,2026-04-02 16:45:10,2026-03-26 08:00:06,0.0,21.3,60.3,,False,True,,manual,approved
RUL_FINAL,strawberry,F01,F01,C:\Users\admin\Desktop\Strawberry-RUL-prediction\data\02_processed\final\F01\2026-04-02_17-00-10_frame-37_F01.png,C:\Users\admin\Desktop\Strawberry-RUL-prediction\data\02_processed\assigned_02-04-2026\F01\frame-37_17-00-10_F01.png,2026-04-02 17:00:10,2026-03-26 08:00:06,0.0,21.4,57.2,,False,True,,manual,approved
RUL_FINAL,strawberry,F01,F01,C:\Users\admin\Desktop\Strawberry-RUL-prediction\data\02_processed\final\F01\2026-04-02_17-15-11_frame-38_F01.png,C:\Users\admin\Desktop\Strawberry-RUL-prediction\data\02_processed\assigned_02-04-2026\F01\frame-38_17-15-11_F01.png,2026-04-02 17:15:11,2026-03-26 08:00:06,0.0,21.2,59.9,,False,True,,manual,approved
RUL_FINAL,strawberry,F01,F01,C:\Users\admin\Desktop\Strawberry-RUL-prediction\data\02_processed\final\F01\2026-04-02_17-30-11_frame-39_F01.png,C:\Users\admin\Desktop\Strawberry-RUL-prediction\data\02_processed\assigned_02-04-2026\F01\frame-39_17-30-11_F01.png,2026-04-02 17:30:11,2026-03-26 08:00:06,0.0,22.1,57.6,,False,True,,manual,approved
RUL_FINAL,strawberry,F01,F01,C:\Users\admin\Desktop\Strawberry-RUL-prediction\data\02_processed\final\F01\2026-04-02_17-45-11_frame-40_F01.png,C:\Users\admin\Desktop\Strawberry-RUL-prediction\data\02_processed\assigned_02-04-2026\F01\frame-40_17-45-11_F01.png,2026-04-02 17:45:11,2026-03-26 08:00:06,0.0,22.0,62.6,,False,True,,manual,approved
RUL_FINAL,strawberry,F01,F01,C:\Users\admin\Desktop\Strawberry-RUL-prediction\data\02_processed\final\F01\2026-04-02_18-00-11_frame-41_F01.png,C:\Users\admin\Desktop\Strawberry-RUL-prediction\data\02_processed\assigned_02-04-2026\F01\frame-41_18-00-11_F01.png,2026-04-02 18:00:11,2026-03-26 08:00:06,0.0,22.4,57.0,,False,True,,manual,approved
RUL_FINAL,strawberry,F01,F01,C:\Users\admin\Desktop\Strawberry-RUL-prediction\data\02_processed\final\F01\2026-04-02_18-15-11_frame-42_F01.png,C:\Users\admin\Desktop\Strawberry-RUL-prediction\data\02_processed\assigned_02-04-2026\F01\frame-42_18-15-11_F01.png,2026-04-02 18:15:11,2026-03-26 08:00:06,0.0,21.5,56.8,,False,True,,manual,approved
RUL_FINAL,strawberry,F01,F01,C:\Users\admin\Desktop\Strawberry-RUL-prediction\data\02_processed\final\F01\2026-04-02_18-30-11_frame-43_F01.png,C:\Users\admin\Desktop\Strawberry-RUL-prediction\data\02_processed\assigned_02-04-2026\F01\frame-43_18-30-11_F01.png,2026-04-02 18:30:11,2026-03-26 08:00:06,0.0,22.9,63.0,,False,True,,manual,approved
RUL_FINAL,strawberry,F01,F01,C:\Users\admin\Desktop\Strawberry-RUL-prediction\data\02_processed\final\F01\2026-04-02_18-45-11_frame-44_F01.png,C:\Users\admin\Desktop\Strawberry-RUL-prediction\data\02_processed\assigned_02-04-2026\F01\frame-44_18-45-11_F01.png,2026-04-02 18:45:11,2026-03-26 08:00:06,0.0,21.1,58.8,,False,True,,manual,approved
RUL_FINAL,strawberry,F01,F01,C:\Users\admin\Desktop\Strawberry-RUL-prediction\data\02_processed\final\F01\2026-04-02_19-00-11_frame-45_F01.png,C:\Users\admin\Desktop\Strawberry-RUL-prediction\data\02_processed\assigned_02-04-2026\F01\frame-45_19-00-11_F01.png,2026-04-02 19:00:11,2026-03-26 08:00:06,0.0,22.4,62.6,,False,True,,manual,approved
RUL_FINAL,strawberry,F01,F01,C:\Users\admin\Desktop\Strawberry-RUL-prediction\data\02_processed\final\F01\2026-04-02_19-15-11_frame-46_F01.png,C:\Users\admin\Desktop\Strawberry-RUL-prediction\data\02_processed\assigned_02-04-2026\F01\frame-46_19-15-11_F01.png,2026-04-02 19:15:11,2026-03-26 08:00:06,0.0,22.1,58.1,,False,True,,manual,approved
RUL_FINAL,strawberry,F01,F01,C:\Users\admin\Desktop\Strawberry-RUL-prediction\data\02_processed\final\F01\2026-04-02_19-30-11_frame-47_F01.png,C:\Users\admin\Desktop\Strawberry-RUL-prediction\data\02_processed\assigned_02-04-2026\F01\frame-47_19-30-11_F01.png,2026-04-02 19:30:11,2026-03-26 08:00:06,0.0,21.9,64.7,,False,True,,manual,approved
RUL_FINAL,strawberry,F01,F01,C:\Users\admin\Desktop\Strawberry-RUL-prediction\data\02_processed\final\F01\2026-04-03_08-00-06_frame-1_F01.png,C:\Users\admin\Desktop\Strawberry-RUL-prediction\data\02_processed\assigned_03-04-2026\F01\frame-1_08-00-06_F01.png,2026-04-03 08:00:06,2026-03-26 08:00:06,0.0,21.2,60.2,,False,True,,manual,approved
RUL_FINAL,strawberry,F01,F01,C:\Users\admin\Desktop\Strawberry-RUL-prediction\data\02_processed\final\F01\2026-04-03_08-15-06_frame-2_F01.png,C:\Users\admin\Desktop\Strawberry-RUL-prediction\data\02_processed\assigned_03-04-2026\F01\frame-2_08-15-06_F01.png,2026-04-03 08:15:06,2026-03-26 08:00:06,0.0,21.3,61.2,,False,True,,manual,approved
RUL_FINAL,strawberry,F01,F01,C:\Users\admin\Desktop\Strawberry-RUL-prediction\data\02_processed\final\F01\2026-04-03_08-30-06_frame-3_F01.png,C:\Users\admin\Desktop\Strawberry-RUL-prediction\data\02_processed\assigned_03-04-2026\F01\frame-3_08-30-06_F01.png,2026-04-03 08:30:06,2026-03-26 08:00:06,0.0,22.6,60.1,,False,True,,manual,approved
RUL_FINAL,strawberry,F01,F01,C:\Users\admin\Desktop\Strawberry-RUL-prediction\data\02_processed\final\F01\2026-04-03_08-45-06_frame-4_F01.png,C:\Users\admin\Desktop\Strawberry-RUL-prediction\data\02_processed\assigned_03-04-2026\F01\frame-4_08-45-06_F01.png,2026-04-03 08:45:06,2026-03-26 08:00:06,0.0,21.8,56.6,,False,True,,manual,approved
RUL_FINAL,strawberry,F01,F01,C:\Users\admin\Desktop\Strawberry-RUL-prediction\data\02_processed\final\F01\2026-04-03_09-00-06_frame-5_F01.png,C:\Users\admin\Desktop\Strawberry-RUL-prediction\data\02_processed\assigned_03-04-2026\F01\frame-5_09-00-06_F01.png,2026-04-03 09:00:06,2026-03-26 08:00:06,0.0,21.7,58.3,,False,True,,manual,approved
RUL_FINAL,strawberry,F01,F01,C:\Users\admin\Desktop\Strawberry-RUL-prediction\data\02_processed\final\F01\2026-04-03_09-15-06_frame-6_F01.png,C:\Users\admin\Desktop\Strawberry-RUL-prediction\data\02_processed\assigned_03-04-2026\F01\frame-6_09-15-06_F01.png,2026-04-03 09:15:06,2026-03-26 08:00:06,0.0,21.1,55.9,,False,True,,manual,approved
RUL_FINAL,strawberry,F01,F01,C:\Users\admin\Desktop\Strawberry-RUL-prediction\data\02_processed\final\F01\2026-04-03_09-30-06_frame-7_F01.png,C:\Users\admin\Desktop\Strawberry-RUL-prediction\data\02_processed\assigned_03-04-2026\F01\frame-7_09-30-06_F01.png,2026-04-03 09:30:06,2026-03-26 08:00:06,0.0,22.6,61.1,,False,True,,manual,approved
RUL_FINAL,strawberry,F01,F01,C:\Users\admin\Desktop\Strawberry-RUL-prediction\data\02_processed\final\F01\2026-04-03_09-45-07_frame-8_F01.png,C:\Users\admin\Desktop\Strawberry-RUL-prediction\data\02_processed\assigned_03-04-2026\F01\frame-8_09-45-07_F01.png,2026-04-03 09:45:07,2026-03-26 08:00:06,0.0,22.9,57.8,,False,True,,manual,approved
RUL_FINAL,strawberry,F01,F01,C:\Users\admin\Desktop\Strawberry-RUL-prediction\data\02_processed\final\F01\2026-04-03_10-00-07_frame-9_F01.png,C:\Users\admin\Desktop\Strawberry-RUL-prediction\data\02_processed\assigned_03-04-2026\F01\frame-9_10-00-07_F01.png,2026-04-03 10:00:07,2026-03-26 08:00:06,0.0,21.7,59.0,,False,True,,manual,approved
RUL_FINAL,strawberry,F01,F01,C:\Users\admin\Desktop\Strawberry-RUL-prediction\data\02_processed\final\F01\2026-04-03_10-15-07_frame-10_F01.png,C:\Users\admin\Desktop\Strawberry-RUL-prediction\data\02_processed\assigned_03-04-2026\F01\frame-10_10-15-07_F01.png,2026-04-03 10:15:07,2026-03-26 08:00:06,0.0,22.9,59.0,,False,True,,manual,approved
RUL_FINAL,strawberry,F01,F01,C:\Users\admin\Desktop\Strawberry-RUL-prediction\data\02_processed\final\F01\2026-04-03_10-30-07_frame-11_F01.png,C:\Users\admin\Desktop\Strawberry-RUL-prediction\data\02_processed\assigned_03-04-2026\F01\frame-11_10-30-07_F01.png,2026-04-03 10:30:07,2026-03-26 08:00:06,0.0,22.4,59.4,,False,True,,manual,approved
RUL_FINAL,strawberry,F01,F01,C:\Users\admin\Desktop\Strawberry-RUL-prediction\data\02_processed\final\F01\2026-04-03_10-45-07_frame-12_F01.png,C:\Users\admin\Desktop\Strawberry-RUL-prediction\data\02_processed\assigned_03-04-2026\F01\frame-12_10-45-07_F01.png,2026-04-03 10:45:07,2026-03-26 08:00:06,0.0,22.3,55.5,,False,True,,manual,approved
RUL_FINAL,strawberry,F01,F01,C:\Users\admin\Desktop\Strawberry-RUL-prediction\data\02_processed\final\F01\2026-04-03_11-00-07_frame-13_F01.png,C:\Users\admin\Desktop\Strawberry-RUL-prediction\data\02_processed\assigned_03-04-2026\F01\frame-13_11-00-07_F01.png,2026-04-03 11:00:07,2026-03-26 08:00:06,0.0,21.4,57.1,,False,True,,manual,approved
RUL_FINAL,strawberry,F01,F01,C:\Users\admin\Desktop\Strawberry-RUL-prediction\data\02_processed\final\F01\2026-04-03_11-15-07_frame-14_F01.png,C:\Users\admin\Desktop\Strawberry-RUL-prediction\data\02_processed\assigned_03-04-2026\F01\frame-14_11-15-07_F01.png,2026-04-03 11:15:07,2026-03-26 08:00:06,0.0,21.5,64.3,,False,True,,manual,approved
RUL_FINAL,strawberry,F01,F01,C:\Users\admin\Desktop\Strawberry-RUL-prediction\data\02_processed\final\F01\2026-04-03_11-30-07_frame-15_F01.png,C:\Users\admin\Desktop\Strawberry-RUL-prediction\data\02_processed\assigned_03-04-2026\F01\frame-15_11-30-07_F01.png,2026-04-03 11:30:07,2026-03-26 08:00:06,0.0,21.9,57.8,,False,True,,manual,approved
RUL_FINAL,strawberry,F01,F01,C:\Users\admin\Desktop\Strawberry-RUL-prediction\data\02_processed\final\F01\2026-04-03_11-45-07_frame-16_F01.png,C:\Users\admin\Desktop\Strawberry-RUL-prediction\data\02_processed\assigned_03-04-2026\F01\frame-16_11-45-07_F01.png,2026-04-03 11:45:07,2026-03-26 08:00:06,0.0,21.6,57.7,,False,True,,manual,approved
RUL_FINAL,strawberry,F01,F01,C:\Users\admin\Desktop\Strawberry-RUL-prediction\data\02_processed\final\F01\2026-04-03_12-00-07_frame-17_F01.png,C:\Users\admin\Desktop\Strawberry-RUL-prediction\data\02_processed\assigned_03-04-2026\F01\frame-17_12-00-07_F01.png,2026-04-03 12:00:07,2026-03-26 08:00:06,0.0,21.5,56.0,,False,True,,manual,approved
RUL_FINAL,strawberry,F01,F01,C:\Users\admin\Desktop\Strawberry-RUL-prediction\data\02_processed\final\F01\2026-04-03_12-15-07_frame-18_F01.png,C:\Users\admin\Desktop\Strawberry-RUL-prediction\data\02_processed\assigned_03-04-2026\F01\frame-18_12-15-07_F01.png,2026-04-03 12:15:07,2026-03-26 08:00:06,0.0,21.5,57.6,,False,True,,manual,approved
RUL_FINAL,strawberry,F01,F01,C:\Users\admin\Desktop\Strawberry-RUL-prediction\data\02_processed\final\F01\2026-04-03_12-30-07_frame-19_F01.png,C:\Users\admin\Desktop\Strawberry-RUL-prediction\data\02_processed\assigned_03-04-2026\F01\frame-19_12-30-07_F01.png,2026-04-03 12:30:07,2026-03-26 08:00:06,0.0,22.3,64.0,,False,True,,manual,approved
RUL_FINAL,strawberry,F01,F01,C:\Users\admin\Desktop\Strawberry-RUL-prediction\data\02_processed\final\F01\2026-04-03_12-45-08_frame-20_F01.png,C:\Users\admin\Desktop\Strawberry-RUL-prediction\data\02_processed\assigned_03-04-2026\F01\frame-20_12-45-08_F01.png,2026-04-03 12:45:08,2026-03-26 08:00:06,0.0,21.5,63.5,,False,True,,manual,approved
RUL_FINAL,strawberry,F01,F01,C:\Users\admin\Desktop\Strawberry-RUL-prediction\data\02_processed\final\F01\2026-04-03_13-00-08_frame-21_F01.png,C:\Users\admin\Desktop\Strawberry-RUL-prediction\data\02_processed\assigned_03-04-2026\F01\frame-21_13-00-08_F01.png,2026-04-03 13:00:08,2026-03-26 08:00:06,0.0,22.4,61.3,,False,True,,manual,approved
RUL_FINAL,strawberry,F01,F01,C:\Users\admin\Desktop\Strawberry-RUL-prediction\data\02_processed\final\F01\2026-04-03_13-15-08_frame-22_F01.png,C:\Users\admin\Desktop\Strawberry-RUL-prediction\data\02_processed\assigned_03-04-2026\F01\frame-22_13-15-08_F01.png,2026-04-03 13:15:08,2026-03-26 08:00:06,0.0,22.3,58.4,,False,True,,manual,approved
RUL_FINAL,strawberry,F01,F01,C:\Users\admin\Desktop\Strawberry-RUL-prediction\data\02_processed\final\F01\2026-04-03_13-30-08_frame-23_F01.png,C:\Users\admin\Desktop\Strawberry-RUL-prediction\data\02_processed\assigned_03-04-2026\F01\frame-23_13-30-08_F01.png,2026-04-03 13:30:08,2026-03-26 08:00:06,0.0,21.2,61.1,,False,True,,manual,approved
RUL_FINAL,strawberry,F01,F01,C:\Users\admin\Desktop\Strawberry-RUL-prediction\data\02_processed\final\F01\2026-04-03_13-45-08_frame-24_F01.png,C:\Users\admin\Desktop\Strawberry-RUL-prediction\data\02_processed\assigned_03-04-2026\F01\frame-24_13-45-08_F01.png,2026-04-03 13:45:08,2026-03-26 08:00:06,0.0,22.0,64.1,,False,True,,manual,approved
RUL_FINAL,strawberry,F01,F01,C:\Users\admin\Desktop\Strawberry-RUL-prediction\data\02_processed\final\F01\2026-04-03_14-00-08_frame-25_F01.png,C:\Users\admin\Desktop\Strawberry-RUL-prediction\data\02_processed\assigned_03-04-2026\F01\frame-25_14-00-08_F01.png,2026-04-03 14:00:08,2026-03-26 08:00:06,0.0,21.6,57.5,,False,True,,manual,approved
RUL_FINAL,strawberry,F01,F01,C:\Users\admin\Desktop\Strawberry-RUL-prediction\data\02_processed\final\F01\2026-04-03_14-15-08_frame-26_F01.png,C:\Users\admin\Desktop\Strawberry-RUL-prediction\data\02_processed\assigned_03-04-2026\F01\frame-26_14-15-08_F01.png,2026-04-03 14:15:08,2026-03-26 08:00:06,0.0,21.6,63.5,,False,True,,manual,approved
RUL_FINAL,strawberry,F01,F01,C:\Users\admin\Desktop\Strawberry-RUL-prediction\data\02_processed\final\F01\2026-04-03_14-30-08_frame-27_F01.png,C:\Users\admin\Desktop\Strawberry-RUL-prediction\data\02_processed\assigned_03-04-2026\F01\frame-27_14-30-08_F01.png,2026-04-03 14:30:08,2026-03-26 08:00:06,0.0,21.8,58.4,,False,True,,manual,approved
RUL_FINAL,strawberry,F01,F01,C:\Users\admin\Desktop\Strawberry-RUL-prediction\data\02_processed\final\F01\2026-04-03_14-45-08_frame-28_F01.png,C:\Users\admin\Desktop\Strawberry-RUL-prediction\data\02_processed\assigned_03-04-2026\F01\frame-28_14-45-08_F01.png,2026-04-03 14:45:08,2026-03-26 08:00:06,0.0,21.4,55.2,,False,True,,manual,approved
RUL_FINAL,strawberry,F01,F01,C:\Users\admin\Desktop\Strawberry-RUL-prediction\data\02_processed\final\F01\2026-04-03_15-00-08_frame-29_F01.png,C:\Users\admin\Desktop\Strawberry-RUL-prediction\data\02_processed\assigned_03-04-2026\F01\frame-29_15-00-08_F01.png,2026-04-03 15:00:08,2026-03-26 08:00:06,0.0,21.3,64.3,,False,True,,manual,approved
RUL_FINAL,strawberry,F01,F01,C:\Users\admin\Desktop\Strawberry-RUL-prediction\data\02_processed\final\F01\2026-04-03_15-15-08_frame-30_F01.png,C:\Users\admin\Desktop\Strawberry-RUL-prediction\data\02_processed\assigned_03-04-2026\F01\frame-30_15-15-08_F01.png,2026-04-03 15:15:08,2026-03-26 08:00:06,0.0,22.5,63.3,,False,True,,manual,approved
RUL_FINAL,strawberry,F01,F01,C:\Users\admin\Desktop\Strawberry-RUL-prediction\data\02_processed\final\F01\2026-04-03_15-30-09_frame-31_F01.png,C:\Users\admin\Desktop\Strawberry-RUL-prediction\data\02_processed\assigned_03-04-2026\F01\frame-31_15-30-09_F01.png,2026-04-03 15:30:09,2026-03-26 08:00:06,0.0,22.7,55.7,,False,True,,manual,approved
RUL_FINAL,strawberry,F01,F01,C:\Users\admin\Desktop\Strawberry-RUL-prediction\data\02_processed\final\F01\2026-04-03_15-45-09_frame-32_F01.png,C:\Users\admin\Desktop\Strawberry-RUL-prediction\data\02_processed\assigned_03-04-2026\F01\frame-32_15-45-09_F01.png,2026-04-03 15:45:09,2026-03-26 08:00:06,0.0,22.6,64.4,,False,True,,manual,approved
RUL_FINAL,strawberry,F01,F01,C:\Users\admin\Desktop\Strawberry-RUL-prediction\data\02_processed\final\F01\2026-04-03_16-00-09_frame-33_F01.png,C:\Users\admin\Desktop\Strawberry-RUL-prediction\data\02_processed\assigned_03-04-2026\F01\frame-33_16-00-09_F01.png,2026-04-03 16:00:09,2026-03-26 08:00:06,0.0,22.5,60.2,,False,True,,manual,approved
RUL_FINAL,strawberry,F01,F01,C:\Users\admin\Desktop\Strawberry-RUL-prediction\data\02_processed\final\F01\2026-04-03_16-15-09_frame-34_F01.png,C:\Users\admin\Desktop\Strawberry-RUL-prediction\data\02_processed\assigned_03-04-2026\F01\frame-34_16-15-09_F01.png,2026-04-03 16:15:09,2026-03-26 08:00:06,0.0,22.8,57.6,,False,True,,manual,approved
RUL_FINAL,strawberry,F01,F01,C:\Users\admin\Desktop\Strawberry-RUL-prediction\data\02_processed\final\F01\2026-04-03_16-30-09_frame-35_F01.png,C:\Users\admin\Desktop\Strawberry-RUL-prediction\data\02_processed\assigned_03-04-2026\F01\frame-35_16-30-09_F01.png,2026-04-03 16:30:09,2026-03-26 08:00:06,0.0,21.2,57.9,,False,True,,manual,approved
RUL_FINAL,strawberry,F01,F01,C:\Users\admin\Desktop\Strawberry-RUL-prediction\data\02_processed\final\F01\2026-04-03_16-45-09_frame-36_F01.png,C:\Users\admin\Desktop\Strawberry-RUL-prediction\data\02_processed\assigned_03-04-2026\F01\frame-36_16-45-09_F01.png,2026-04-03 16:45:09,2026-03-26 08:00:06,0.0,21.7,64.9,,False,True,,manual,approved
RUL_FINAL,strawberry,F01,F01,C:\Users\admin\Desktop\Strawberry-RUL-prediction\data\02_processed\final\F01\2026-04-03_17-00-09_frame-37_F01.png,C:\Users\admin\Desktop\Strawberry-RUL-prediction\data\02_processed\assigned_03-04-2026\F01\frame-37_17-00-09_F01.png,2026-04-03 17:00:09,2026-03-26 08:00:06,0.0,22.6,57.7,,False,True,,manual,approved
RUL_FINAL,strawberry,F01,F01,C:\Users\admin\Desktop\Strawberry-RUL-prediction\data\02_processed\final\F01\2026-04-03_17-15-10_frame-38_F01.png,C:\Users\admin\Desktop\Strawberry-RUL-prediction\data\02_processed\assigned_03-04-2026\F01\frame-38_17-15-10_F01.png,2026-04-03 17:15:10,2026-03-26 08:00:06,0.0,21.5,63.7,,False,True,,manual,approved
RUL_FINAL,strawberry,F01,F01,C:\Users\admin\Desktop\Strawberry-RUL-prediction\data\02_processed\final\F01\2026-04-03_17-30-10_frame-39_F01.png,C:\Users\admin\Desktop\Strawberry-RUL-prediction\data\02_processed\assigned_03-04-2026\F01\frame-39_17-30-10_F01.png,2026-04-03 17:30:10,2026-03-26 08:00:06,0.0,23.0,60.3,,False,True,,manual,approved
RUL_FINAL,strawberry,F01,F01,C:\Users\admin\Desktop\Strawberry-RUL-prediction\data\02_processed\final\F01\2026-04-03_17-45-10_frame-40_F01.png,C:\Users\admin\Desktop\Strawberry-RUL-prediction\data\02_processed\assigned_03-04-2026\F01\frame-40_17-45-10_F01.png,2026-04-03 17:45:10,2026-03-26 08:00:06,0.0,22.3,58.1,,False,True,,manual,approved
RUL_FINAL,strawberry,F01,F01,C:\Users\admin\Desktop\Strawberry-RUL-prediction\data\02_processed\final\F01\2026-04-03_18-00-10_frame-41_F01.png,C:\Users\admin\Desktop\Strawberry-RUL-prediction\data\02_processed\assigned_03-04-2026\F01\frame-41_18-00-10_F01.png,2026-04-03 18:00:10,2026-03-26 08:00:06,0.0,21.8,60.3,,False,True,,manual,approved
RUL_FINAL,strawberry,F01,F01,C:\Users\admin\Desktop\Strawberry-RUL-prediction\data\02_processed\final\F01\2026-04-03_18-15-10_frame-42_F01.png,C:\Users\admin\Desktop\Strawberry-RUL-prediction\data\02_processed\assigned_03-04-2026\F01\frame-42_18-15-10_F01.png,2026-04-03 18:15:10,2026-03-26 08:00:06,0.0,21.4,62.0,,False,True,,manual,approved
RUL_FINAL,strawberry,F01,F01,C:\Users\admin\Desktop\Strawberry-RUL-prediction\data\02_processed\final\F01\2026-04-03_18-30-10_frame-43_F01.png,C:\Users\admin\Desktop\Strawberry-RUL-prediction\data\02_processed\assigned_03-04-2026\F01\frame-43_18-30-10_F01.png,2026-04-03 18:30:10,2026-03-26 08:00:06,0.0,21.7,57.1,,False,True,,manual,approved
RUL_FINAL,strawberry,F01,F01,C:\Users\admin\Desktop\Strawberry-RUL-prediction\data\02_processed\final\F01\2026-04-03_18-45-10_frame-44_F01.png,C:\Users\admin\Desktop\Strawberry-RUL-prediction\data\02_processed\assigned_03-04-2026\F01\frame-44_18-45-10_F01.png,2026-04-03 18:45:10,2026-03-26 08:00:06,0.0,21.1,63.3,,False,True,,manual,approved
RUL_FINAL,strawberry,F01,F01,C:\Users\admin\Desktop\Strawberry-RUL-prediction\data\02_processed\final\F01\2026-04-03_19-00-10_frame-45_F01.png,C:\Users\admin\Desktop\Strawberry-RUL-prediction\data\02_processed\assigned_03-04-2026\F01\frame-45_19-00-10_F01.png,2026-04-03 19:00:10,2026-03-26 08:00:06,0.0,22.3,63.3,,False,True,,manual,approved
RUL_FINAL,strawberry,F01,F01,C:\Users\admin\Desktop\Strawberry-RUL-prediction\data\02_processed\final\F01\2026-04-03_19-15-10_frame-46_F01.png,C:\Users\admin\Desktop\Strawberry-RUL-prediction\data\02_processed\assigned_03-04-2026\F01\frame-46_19-15-10_F01.png,2026-04-03 19:15:10,2026-03-26 08:00:06,0.0,21.9,60.2,,False,True,,manual,approved
RUL_FINAL,strawberry,F01,F01,C:\Users\admin\Desktop\Strawberry-RUL-prediction\data\02_processed\final\F01\2026-04-03_19-30-11_frame-47_F01.png,C:\Users\admin\Desktop\Strawberry-RUL-prediction\data\02_processed\assigned_03-04-2026\F01\frame-47_19-30-11_F01.png,2026-04-03 19:30:11,2026-03-26 08:00:06,0.0,22.6,62.3,,False,True,,manual,approved
